Customer_ID,Income,Recency,Is_Parent,Age,Spent,MntWines,MntFruits,MntMeatProducts,MntFishProducts,MntSweetProducts,MntGoldProds
5524,58138,58,0,64,1617,635,88,546,172,88,88
2174,46344,38,1,67,27,11,1,6,2,1,6
4141,71613,26,0,56,776,426,49,127,111,21,42
6182,26646,26,1,37,53,11,4,20,10,3,5
5324,58293,94,1,40,422,173,43,118,46,27,15
7446,62513,16,1,54,716,520,42,98,0,42,14
965,55635,34,1,50,590,235,65,164,50,49,27
6177,33454,32,1,36,169,76,10,56,3,1,23
4855,30351,19,1,47,46,14,0,24,3,3,2
5899,5648,68,1,71,49,28,0,6,1,1,13
1994,NA,11,1,38,19,5,5,6,0,2,1
387,7500,59,0,45,61,6,16,11,11,1,16
2125,63033,82,0,62,1102,194,61,480,225,112,30
8180,59354,53,1,69,310,233,2,53,3,5,14
2569,17323,38,0,34,46,3,14,17,6,1,5
2114,82800,23,0,75,1315,1006,22,115,59,68,45
9736,41850,51,1,41,96,53,5,19,2,13,4
4939,37760,20,0,75,317,84,5,38,150,12,28
6565,76995,91,1,72,1782,1012,80,498,0,16,176
2278,33812,86,1,36,133,4,17,19,30,24,39
9360,37040,41,0,39,316,86,2,73,69,38,48
5376,2447,42,1,42,1730,1,1,1725,1,1,1
1993,58607,63,1,72,972,867,0,86,0,0,19
4047,65324,0,1,67,544,384,0,102,21,32,5
1409,40689,69,1,70,444,270,3,27,39,6,99
7892,18589,89,0,52,75,6,4,25,15,12,13
2404,53359,4,1,45,257,173,4,30,3,6,41
5255,NA,19,1,35,637,5,1,3,3,263,362
9422,38360,26,1,32,131,36,2,42,20,21,10
1966,84618,96,0,56,1672,684,100,801,21,66,0
6864,10979,34,0,32,30,8,4,10,2,2,4
3033,38620,56,0,58,318,112,17,44,34,22,89
5710,40548,31,1,51,120,110,0,5,2,0,3
7373,46610,8,1,69,302,96,12,96,33,22,43
8755,68657,4,0,75,1196,482,34,471,119,68,22
10738,49389,55,1,70,65,40,0,19,2,1,3
4339,67353,37,1,51,913,702,17,151,0,8,35
10755,23718,76,1,45,81,6,3,14,15,7,36
8595,42429,99,1,48,67,55,0,6,2,0,4
2968,48948,53,0,78,902,437,8,206,160,49,42
8601,80011,3,1,41,1395,421,76,536,82,178,102
503,20559,88,1,36,53,13,1,29,3,0,7
8430,21994,4,1,64,22,9,0,6,3,1,3
7281,NA,80,0,62,186,81,11,50,3,2,39
2139,7500,19,1,46,31,3,1,10,3,2,12
1371,79941,72,0,45,984,123,164,266,227,30,174
9909,7500,24,0,25,122,3,18,14,15,22,50
7286,41728,92,1,53,55,13,6,15,3,5,13
7244,NA,96,1,70,124,48,5,48,6,10,7
6566,72550,39,1,67,1319,826,50,317,50,38,38
8614,65486,29,1,64,507,245,19,125,37,67,14
4114,79143,2,0,57,1693,650,37,780,27,167,32
1331,35790,54,1,44,72,12,6,20,30,1,3
2225,82582,54,0,44,1617,510,120,550,156,40,241
9381,66373,57,1,43,606,328,9,124,12,24,109
6260,82384,55,0,66,1957,984,51,432,180,120,190
10383,70287,30,0,55,1093,295,35,482,121,120,40
7437,27938,31,1,33,29,13,0,8,2,1,5
8557,NA,57,1,39,46,11,3,22,2,2,6
8375,55954,63,1,53,518,447,0,28,0,0,43
6853,75777,12,0,39,1438,712,26,538,69,13,80
3076,66653,18,1,46,612,452,18,102,16,18,6
1012,61823,26,1,69,884,523,7,134,37,14,169
6518,67680,8,1,70,606,546,0,48,0,6,6
4137,70666,29,0,73,1076,398,40,367,119,122,30
8082,25721,75,1,50,34,1,3,6,3,6,15
1386,32474,0,1,54,11,10,0,1,0,0,0
9369,88194,19,1,42,1274,688,14,309,201,24,38
4477,69096,4,1,63,653,247,49,159,7,82,109
1357,74854,90,1,51,1562,856,59,487,58,29,73
1402,66991,1,0,67,1253,496,36,460,189,60,12
10629,NA,25,1,48,109,25,3,43,17,4,17
6312,65031,29,1,62,863,258,107,291,84,37,86
8132,60631,88,1,46,661,565,6,65,0,6,19
1050,28332,58,0,69,65,14,10,13,4,15,9
5846,40246,68,1,44,13,2,1,6,2,1,1
1859,75251,34,0,49,1890,721,111,925,97,18,18
7503,75825,40,0,45,2209,1032,105,779,137,105,51
10401,26326,12,0,45,18,1,0,5,0,3,9
1618,56046,9,0,56,692,577,0,64,0,0,51
3332,29760,87,1,36,165,64,4,68,7,5,17
2261,26304,5,1,52,16,4,1,5,2,0,4
5346,23559,87,1,48,79,25,5,19,7,0,23
4119,38620,56,0,58,318,112,17,44,34,22,89
535,81361,18,0,34,778,163,23,424,27,65,76
5268,29440,95,1,61,56,17,8,14,10,4,3
273,36138,48,1,51,151,130,0,16,0,0,5
4452,50388,3,1,64,372,292,6,37,0,3,34
8504,79593,70,0,48,1366,350,60,568,110,133,145
771,54178,79,1,54,194,135,9,39,4,0,7
8996,NA,4,1,64,603,230,42,192,49,37,53
9235,NA,45,1,64,18,7,0,8,2,0,1
5798,NA,87,0,48,985,445,37,359,98,28,18
11178,42394,69,1,49,32,15,2,10,0,1,4
2230,23626,84,1,51,43,27,2,14,0,0,0
7516,30096,30,1,38,45,5,3,11,12,5,9
7247,47916,72,1,61,606,505,0,26,0,0,75
11100,51813,37,1,49,63,51,2,7,0,1,2
4646,78497,44,0,70,978,207,26,447,75,0,223
3037,50150,32,0,38,410,135,46,92,65,61,11
1473,47823,0,1,61,72,53,1,5,2,1,10
1016,34554,43,1,62,55,41,1,6,2,0,5
4518,85693,59,1,42,1169,386,172,183,185,132,111
9370,65846,68,0,76,1120,562,81,276,80,40,81
8908,87195,35,0,62,1097,217,76,690,50,26,38
8373,24594,94,1,42,29,1,3,6,10,0,9
7533,49096,15,1,57,187,144,1,32,2,1,7
2683,52413,56,1,52,910,295,106,271,75,98,65
3629,38557,17,1,43,145,76,3,31,4,4,27
10991,89058,18,0,61,850,454,194,106,31,22,43
5077,77298,46,1,42,969,425,115,292,23,35,79
7431,68126,40,0,30,1820,1332,17,311,23,51,86
3267,57288,27,1,58,608,527,0,21,0,0,60
999,86037,95,0,30,730,490,44,125,29,20,22
9215,43974,19,1,41,551,378,0,101,0,0,72
2286,50785,27,1,59,114,64,1,21,0,1,27
1592,90765,25,0,51,1724,547,99,812,151,82,33
367,36550,74,1,43,577,47,90,94,123,103,120
5234,30753,85,1,54,81,12,5,25,0,9,30
9862,21918,37,1,52,33,1,6,7,11,5,3
9805,56129,65,1,68,660,320,48,133,39,72,48
6205,32557,13,1,54,80,34,3,29,0,4,10
8442,19510,63,1,36,30,9,0,7,3,4,7
7386,30992,83,1,45,43,17,0,14,7,3,2
7215,101970,69,0,38,1135,722,27,102,44,72,168
1491,71488,87,0,56,559,162,33,124,40,28,172
11071,79607,37,0,37,1923,450,133,951,173,0,216
3381,54348,51,1,68,90,70,0,16,0,0,4
8268,NA,23,1,60,404,352,0,27,10,0,15
11051,77376,72,1,65,661,492,19,110,16,12,12
8026,62998,10,1,69,463,120,58,73,65,89,58
433,61331,42,1,63,632,534,5,47,0,5,41
9597,73448,10,0,52,725,236,106,189,23,41,130
1295,NA,96,1,58,725,231,65,196,38,71,124
5290,41551,51,1,57,279,220,0,33,3,0,23
1685,62981,21,0,54,1482,796,14,590,38,44,0
5342,9548,31,1,45,29,0,1,3,10,6,9
9579,33762,61,1,62,106,53,1,34,2,0,16
7660,35860,37,1,48,49,15,0,8,4,2,20
1461,36921,74,1,56,38,17,1,12,3,1,4
821,92859,46,0,29,2077,962,61,921,52,61,20
11084,65104,4,1,45,1053,738,0,232,13,20,50
8690,86111,73,0,59,1385,399,28,756,36,40,126
2937,68352,47,1,47,871,614,16,132,43,33,33
9701,41883,13,1,33,312,32,34,41,73,16,116
9949,59809,36,1,45,877,598,16,141,32,41,49
10837,23957,47,1,46,68,2,1,18,20,11,16
3120,38547,49,1,40,22,6,1,10,0,1,4
5885,35688,94,1,48,211,73,3,90,12,1,32
4050,49605,65,0,55,127,42,16,29,12,20,8
3830,59354,59,1,68,459,295,21,78,39,13,13
7987,65747,96,1,52,460,346,17,48,23,13,13
7798,46344,28,1,49,429,233,20,57,8,20,91
92,34176,12,1,33,89,5,7,24,19,14,20
7055,61010,57,1,69,1021,888,0,57,0,0,76
10240,69372,10,0,72,1381,997,26,269,34,13,42
3025,49967,4,1,63,306,212,6,69,4,12,3
9283,60199,49,1,43,18,8,1,7,2,0,0
9970,55375,3,1,44,162,42,11,57,10,28,14
2730,80317,64,0,66,1231,536,11,387,149,91,57
2795,30523,0,1,63,13,5,0,3,0,0,5
9260,70356,20,0,76,1706,1349,16,249,43,16,33
8182,23228,91,1,37,121,53,3,49,7,4,5
10095,74165,9,0,46,1293,1001,12,240,16,12,12
8475,107243,98,1,48,1608,20,2,1582,1,2,1
4370,43482,83,1,55,88,18,1,32,6,3,28
10573,62551,27,0,68,421,125,16,98,134,21,27
3712,52332,63,0,62,259,212,5,33,7,0,2
6637,66951,46,0,33,1117,277,162,305,173,76,124
3152,26091,84,1,64,89,15,10,19,8,17,20
5610,33456,58,1,56,36,7,3,10,8,1,7
6460,28718,78,1,39,57,12,4,6,11,8,16
1349,50447,4,1,51,148,85,7,24,2,3,27
1880,53537,17,1,62,93,81,0,6,0,0,6
641,52074,77,1,54,119,59,0,12,0,0,48
8717,80427,56,1,46,1835,1149,71,449,69,71,26
10314,83837,79,0,73,1318,847,66,119,86,89,111
10854,38853,90,1,51,45,29,0,14,0,0,2
10492,38285,96,1,62,10,2,0,5,2,0,1
6935,78497,44,0,70,978,207,26,447,75,0,223
7698,51650,81,1,45,191,152,3,22,2,5,7
3559,16248,77,1,33,57,12,11,10,3,12,9
10562,66835,21,0,75,1033,620,26,195,34,17,141
10796,30477,16,1,37,66,47,1,6,0,0,12
2563,28249,80,0,60,43,1,9,7,2,14,10
3518,25271,45,1,38,50,10,1,18,10,4,7
5823,32303,63,1,51,39,35,0,2,0,0,2
3934,61286,34,1,55,608,356,0,107,19,9,117
6982,74068,14,0,45,1581,783,30,537,140,76,15
6431,45759,13,1,57,68,42,1,18,3,0,4
9733,24882,52,1,43,80,1,4,10,29,0,36
5602,66973,98,0,32,1282,466,22,432,147,113,102
1324,38872,93,1,33,91,23,3,21,3,19,22
326,51148,38,1,48,315,235,6,45,8,9,12
7224,31353,24,1,44,31,10,0,10,3,1,7
6999,69661,80,0,41,834,656,16,106,32,16,8
9938,80067,82,0,67,1600,519,17,813,27,173,51
6422,86718,20,0,67,1270,344,189,482,50,33,172
3182,46854,81,1,48,263,96,1,79,7,1,79
7300,69142,50,1,69,535,448,4,34,6,4,39
10424,75922,60,0,53,1295,265,138,553,224,23,92
8727,63693,63,1,43,1150,587,43,337,42,87,54
2798,102160,54,0,44,1240,763,29,138,76,176,58
1030,40637,72,1,56,38,22,0,13,0,0,3
624,18890,5,0,37,35,6,4,1,7,2,15
5176,29604,88,1,33,53,7,6,13,7,6,14
5552,48721,50,1,58,293,81,18,113,47,13,21
868,44794,99,1,55,65,54,0,7,0,0,4
380,64497,17,1,67,1804,1170,48,320,42,32,192
2677,46097,11,1,65,241,72,24,68,65,4,8
6521,77972,18,0,67,1101,613,22,319,33,102,12
6927,44377,70,1,53,264,224,0,30,0,0,10
2877,46014,21,1,47,541,410,0,59,19,9,44
0,70951,66,0,36,1198,239,10,554,254,87,54
1584,41443,79,1,44,482,171,7,171,25,19,89
7264,52195,2,1,43,17,12,0,4,0,0,1
6274,83790,81,0,73,1615,1076,16,417,42,48,16
1377,44551,24,1,67,285,182,4,33,0,0,66
454,69508,48,1,41,1135,824,32,162,42,32,43
1755,45204,93,1,33,114,30,11,25,29,1,18
2075,72460,56,0,52,1047,377,10,540,80,30,10
4785,77622,3,1,51,714,520,7,154,19,0,14
9076,30732,44,1,41,185,155,1,25,0,1,3
7079,63887,38,1,59,1245,897,23,207,15,11,92
4653,42011,46,1,43,189,131,0,16,2,1,39
7375,51369,84,1,45,576,297,7,79,0,11,182
709,51537,27,1,69,1103,787,20,204,0,0,92
460,79930,72,0,49,1753,792,86,740,67,51,17
3726,34320,66,1,35,17,4,1,9,3,0,0
6798,37070,30,1,55,433,231,7,137,4,15,39
5341,81975,2,1,59,1588,983,76,184,180,138,27
1606,38590,65,1,50,22,3,1,8,4,3,3
9617,15033,37,0,70,19,0,4,5,6,0,4
3233,62745,89,1,56,1117,562,21,464,28,10,32
89,22212,49,1,46,69,5,9,20,6,8,21
2936,23661,46,1,39,23,18,0,4,0,0,1
9449,79761,32,1,63,605,415,5,124,15,35,11
7297,7500,54,1,48,57,5,3,10,12,7,20
313,73455,98,0,53,2088,901,61,757,186,163,20
9940,64961,97,1,63,1009,382,114,276,75,124,38
10735,22804,75,1,50,26,14,1,7,2,1,1
9529,73687,8,0,31,1627,559,153,503,218,13,181
6439,61074,37,1,63,1102,789,0,133,0,28,152
7411,31686,31,1,57,17,11,0,5,0,0,1
2176,80134,40,1,49,1690,1218,16,272,104,0,80
9265,75027,74,1,68,1390,925,64,179,133,12,77
8867,67546,90,0,33,2126,864,134,768,150,38,172
8932,65176,57,1,52,1531,960,28,183,220,70,70
10236,31160,59,1,46,64,16,3,25,6,1,13
6340,29938,52,1,36,26,3,3,7,0,2,11
10089,102692,5,0,47,1112,168,148,444,32,172,148
2227,26490,92,0,63,210,45,47,52,21,20,25
10992,75702,77,1,54,1148,650,28,353,45,42,30
5304,30899,35,1,47,33,24,0,8,0,0,1
309,63342,48,1,60,1101,918,21,118,13,10,21
3406,45989,97,1,57,322,138,33,87,28,24,12
2661,18701,95,1,57,44,12,4,2,10,6,10
3153,40737,24,1,64,17,11,0,4,0,0,2
10264,15287,60,1,42,31,1,2,8,4,3,13
1184,69674,46,1,53,845,554,41,215,11,0,24
4200,44159,85,1,51,275,167,2,62,24,13,7
9396,37717,31,1,43,25,9,0,6,4,1,5
2387,43776,9,1,69,275,177,2,71,3,2,20
6690,38179,30,1,55,90,38,4,22,4,2,20
1225,80124,47,0,58,1495,483,84,398,205,84,241
9703,38097,70,1,51,184,77,2,35,0,1,69
291,72940,13,0,51,981,182,74,298,162,149,116
4557,22070,11,1,51,67,10,7,19,8,2,21
2379,69267,31,0,68,1635,778,44,499,95,73,146
5726,31788,15,1,38,60,16,7,23,0,8,6
3066,61905,2,1,46,231,167,0,43,6,2,13
6336,29315,55,1,61,48,13,2,14,8,7,4
10967,33378,38,1,58,99,33,6,40,3,7,10
2304,66313,86,1,58,770,625,7,99,10,22,7
3445,60714,56,0,65,957,216,162,224,101,92,162
7828,77882,29,0,40,818,68,129,396,188,22,15
3762,69867,30,0,35,925,196,0,512,33,130,54
4391,63841,64,1,53,908,635,15,100,20,7,131
4669,24480,46,1,40,102,4,19,9,28,25,17
10144,51369,84,1,45,576,297,7,79,0,11,182
8652,37760,20,0,75,317,84,5,38,150,12,28
1672,65640,74,1,47,461,204,7,149,20,15,66
8962,44319,18,1,46,37,26,0,8,0,0,3
9974,30631,75,1,47,70,15,6,20,4,5,20
10983,75278,17,0,69,930,304,98,230,150,74,74
8148,50898,88,1,65,859,285,28,242,55,114,135
10102,79946,19,0,55,1478,395,183,565,166,141,28
4697,35416,62,0,72,390,248,3,81,4,3,51
9262,32414,11,0,37,52,20,6,5,0,9,12
7254,38361,74,1,52,137,39,0,56,20,8,14
4543,82497,32,0,41,1919,777,129,573,216,21,203
4927,16626,76,1,50,68,8,3,22,21,1,13
10451,29672,6,1,56,25,9,1,3,0,4,8
2926,55951,62,1,69,1374,1241,0,80,0,13,40
2874,35388,20,1,33,32,6,4,7,4,3,8
9738,42386,43,1,35,100,65,4,16,0,4,11
7119,68627,45,0,39,825,395,15,263,60,54,38
3924,57912,34,1,56,916,801,0,80,0,0,35
5827,35246,53,1,63,62,36,0,12,2,2,10
5596,58821,44,1,65,728,513,14,154,19,0,28
10812,46377,89,1,43,90,37,0,46,4,3,0
1717,39747,43,1,33,273,80,15,93,20,13,52
9491,23976,68,1,37,66,14,1,21,2,3,25
9274,80950,44,0,60,1213,525,147,112,219,147,63
6609,27038,64,0,55,107,1,26,25,17,23,15
6963,77457,85,0,74,1157,675,11,400,15,45,11
4440,64100,93,1,57,546,509,0,27,0,0,10
1379,42670,12,0,29,241,154,2,46,20,4,15
10032,12571,86,1,45,53,3,5,14,2,12,17
2826,22574,28,1,54,37,25,0,8,2,0,2
2437,NA,69,0,32,1611,861,138,461,60,30,61
6320,70893,42,0,45,1508,768,44,561,77,44,14
3050,54198,13,1,55,235,185,0,28,3,2,17
231,28839,86,1,65,32,24,0,7,0,0,1
2392,40321,59,1,49,102,44,4,21,6,0,27
9478,66503,30,1,36,401,91,64,128,65,3,50
113,30833,33,1,70,28,11,0,7,3,1,6
2863,NA,67,1,51,1052,738,20,172,52,50,20
1802,64795,23,1,50,680,412,5,119,38,29,77
520,34421,81,1,47,30,3,3,7,6,2,9
8275,47025,6,1,56,20,16,0,3,0,0,1
9750,64325,41,1,60,1307,731,60,353,78,12,73
2607,40464,78,1,68,630,424,17,118,7,23,41
7214,62187,49,0,64,1283,792,0,275,45,45,126
5835,14849,39,1,45,65,21,2,28,3,2,9
3896,27255,3,1,37,37,22,1,11,0,1,2
10350,54432,37,1,71,38,33,0,5,0,0,0
7786,29999,22,1,35,160,68,7,59,10,5,11
2861,24072,79,1,38,23,9,1,6,3,0,4
663,33996,46,0,32,71,40,2,15,8,0,6
10675,66334,82,1,65,1161,909,11,218,0,0,23
2521,35178,10,1,50,59,23,1,13,2,2,18
9592,22010,51,1,38,33,11,2,9,3,0,8
10151,62204,38,1,61,946,317,46,247,151,46,139
7381,75693,10,0,53,1442,797,153,293,72,97,30
4099,30675,14,1,49,62,10,2,16,11,2,21
9560,83003,18,0,56,1674,856,61,570,40,25,122
10172,68655,95,0,33,1538,456,19,832,75,118,38
11191,41411,11,0,35,139,37,32,38,11,3,18
9707,55212,65,1,52,1182,1103,0,45,0,0,34
6245,59292,71,1,71,507,378,14,68,19,14,14
8234,27190,13,1,48,18,1,6,7,0,1,3
1411,82623,58,0,69,940,204,34,204,172,153,173
8553,44300,65,1,56,42,30,0,9,0,0,3
1826,84835,0,0,51,1190,189,104,379,111,189,218
8842,30372,33,1,50,44,15,0,12,7,3,7
11030,33181,90,1,45,16,9,0,3,0,0,4
2579,71113,95,1,64,835,495,33,255,11,33,8
175,71952,93,1,35,1443,656,80,455,52,107,93
9185,69759,38,0,55,1029,452,20,514,13,30,0
11056,72099,18,0,47,1188,546,91,410,119,0,22
9365,60000,57,1,45,1277,1048,0,217,0,0,12
6201,38643,45,1,43,49,22,2,14,0,1,10
2061,50737,61,1,66,99,78,0,11,0,0,10
6184,68462,6,0,52,1670,561,64,785,84,128,48
6142,65073,65,0,78,900,629,17,177,69,0,8
4107,46681,52,1,73,425,269,15,69,15,19,38
7274,78618,87,0,64,2153,736,163,818,212,163,61
9336,62187,38,1,52,636,512,0,83,0,0,41
2958,28442,53,1,43,57,19,3,10,11,8,6
933,37717,31,1,43,25,9,0,6,4,1,5
5837,51479,67,1,54,494,247,8,160,6,8,65
10704,54803,65,1,52,693,404,0,92,28,27,142
5125,79530,64,0,61,1348,333,0,815,129,42,29
4432,31615,82,1,45,51,2,3,20,6,11,9
5955,72025,27,0,59,1932,833,33,549,151,133,233
2928,52614,63,1,46,990,789,0,142,12,9,38
5680,35684,66,1,37,30,10,4,7,0,6,3
10313,48178,69,1,46,254,159,4,45,6,2,38
2557,29548,52,1,51,29,7,1,6,3,1,11
1245,63810,45,1,55,1371,977,12,253,16,12,101
1519,38578,2,1,49,73,38,4,22,3,3,3
10703,46098,86,1,46,120,57,0,27,0,0,36
1726,22585,23,0,51,81,3,9,15,13,2,39
4459,30279,13,1,32,37,10,4,14,4,4,1
1729,66426,14,1,60,1377,1043,24,97,32,24,157
1517,30822,92,1,52,51,3,9,13,2,12,12
2098,33581,38,1,52,17,11,0,5,0,0,1
9543,19986,74,1,36,22,3,6,5,0,2,6
6878,27421,14,0,67,324,43,12,96,78,40,55
3310,35688,94,1,48,211,73,3,90,12,1,32
2724,36143,33,1,40,19,12,0,1,0,0,6
948,10245,32,1,50,41,4,7,7,6,4,13
6720,43795,11,1,53,492,314,11,53,4,3,107
6202,63381,78,1,61,1005,571,50,142,33,50,159
2066,38823,56,1,72,114,70,0,11,2,8,23
9799,83664,57,1,53,1173,866,21,151,28,21,86
8318,90300,7,0,42,1738,594,134,786,33,134,57
5642,62499,0,1,42,222,140,4,61,0,13,4
2669,74293,66,0,28,1127,375,152,335,93,91,81
455,51012,86,0,75,209,102,9,63,2,9,24
7683,70777,80,1,53,787,554,35,113,0,7,78
3428,68682,56,0,30,1598,919,0,505,99,30,45
7414,43824,18,1,50,186,96,1,42,12,3,32
6354,15345,51,1,37,47,5,2,16,3,2,19
798,23442,71,1,34,27,2,0,6,8,6,5
8213,14515,71,1,41,96,6,4,9,6,36,35
2488,31395,80,1,65,64,23,1,25,0,8,7
9999,75276,2,0,56,1040,610,105,125,137,42,21
7617,42373,83,1,47,163,67,5,61,3,8,19
615,30507,29,0,61,343,65,36,74,38,20,110
2552,55521,11,1,66,446,416,0,26,0,0,4
194,48006,55,1,56,41,23,0,11,3,2,2
3645,27213,19,1,49,70,19,3,26,10,9,3
8890,65808,1,1,50,272,155,7,80,13,7,10
5049,30351,19,1,47,46,14,0,24,3,3,2
9973,50437,28,1,58,490,370,9,92,6,9,4
7301,23616,76,1,39,79,4,22,11,3,7,32
10882,53858,50,1,45,915,407,53,221,58,150,26
7030,66465,1,1,66,1485,1200,0,204,38,29,14
7422,46923,90,1,34,369,85,44,54,102,78,6
3523,75072,83,1,59,1073,583,34,309,0,22,125
7106,75865,73,0,78,1242,483,0,591,156,0,12
6504,19789,24,1,46,78,2,5,9,28,6,28
5067,80134,11,0,27,1378,966,26,282,52,26,26
4216,91065,33,0,40,1474,822,114,108,179,137,114
8581,49505,4,1,50,751,604,0,100,19,0,28
5929,37401,14,1,48,48,19,3,19,3,1,3
3129,30096,30,1,38,45,5,3,11,12,5,9
6528,18492,75,1,39,10,2,2,2,2,1,1
1361,82584,26,0,47,1435,1076,68,103,29,91,68
6932,93027,77,0,80,2119,1285,42,716,55,0,21
7284,48686,8,1,68,20,10,0,7,2,0,1
1340,92910,42,0,35,1795,551,137,792,179,103,33
8746,75433,28,1,32,1188,800,0,297,0,34,57
5987,10404,52,1,32,43,2,2,11,10,6,12
3767,61314,1,1,53,1008,378,0,189,97,172,172
3725,84865,1,0,60,1688,1248,16,349,43,16,16
4324,42387,42,1,32,684,235,0,235,19,4,191
238,67309,76,1,54,1082,515,47,181,149,95,95
6694,75236,27,1,57,1068,438,66,400,12,38,114
498,30015,28,1,51,57,25,0,22,2,3,5
9347,50943,49,1,65,46,31,0,7,2,0,6
9699,67272,12,1,55,733,357,35,271,28,28,14
10664,51529,14,1,72,467,400,4,35,6,0,22
5455,32011,89,1,50,122,99,0,15,2,1,5
456,7500,96,1,35,36,1,11,5,4,6,9
5012,28691,56,1,32,34,5,4,13,8,0,4
7495,56223,72,1,73,156,77,28,31,16,0,4
5029,18100,14,0,75,14,3,1,2,4,3,1
10642,30279,13,1,32,37,10,4,14,4,4,1
2106,20130,99,0,47,34,0,6,3,7,6,12
10364,23295,72,0,62,20,0,0,1,2,12,5
5954,42618,92,1,49,192,76,14,74,13,5,10
1137,81246,87,0,57,1379,398,190,537,61,156,37
2541,24027,7,1,45,48,14,7,11,11,0,5
1142,55707,91,1,68,428,208,7,82,30,66,35
2276,57959,71,1,66,868,430,16,322,43,24,33
2807,56796,24,1,52,1001,656,38,161,62,47,37
6471,36230,17,1,50,59,14,2,30,8,2,3
6131,70829,87,1,41,431,141,70,106,72,19,23
6233,65991,21,1,45,971,507,19,364,25,47,9
4148,38988,90,1,49,348,164,24,103,12,3,42
4947,89572,44,0,55,2059,606,24,974,197,194,64
3225,42207,71,1,37,265,116,11,72,3,17,46
7540,50300,52,1,69,270,143,15,60,24,23,5
10648,66664,78,0,39,1289,398,96,447,220,96,32
1992,60597,2,1,57,893,522,0,257,32,16,66
7851,70165,60,0,72,926,161,0,253,199,191,122
8594,50520,25,1,63,135,112,0,6,2,1,14
7059,80124,47,0,58,1495,483,84,398,205,84,241
2815,33183,46,1,46,120,7,5,39,17,15,37
2416,66582,83,0,52,1288,789,25,420,16,38,0
7999,75261,17,0,66,1743,1239,17,413,23,34,17
9213,31880,13,1,51,15,4,1,5,2,0,3
9697,53790,86,1,70,542,335,42,127,28,5,5
3916,49269,92,1,50,890,639,8,166,11,8,58
2021,61456,47,1,46,1388,563,76,384,84,192,89
1581,37406,18,1,41,17,2,0,8,2,2,3
564,56937,81,1,40,906,746,8,125,11,8,8
6619,38415,91,1,43,44,22,1,13,4,0,4
9081,20518,58,1,33,25,4,1,6,4,1,9
178,62503,40,1,65,973,478,0,193,110,75,117
916,41644,67,1,49,31,20,3,4,2,0,2
5512,55842,19,1,44,518,451,0,39,0,4,24
8970,62010,93,1,49,530,371,22,39,6,0,92
10581,41124,41,1,44,506,281,7,84,15,0,119
5300,38961,60,1,48,70,19,7,19,0,1,24
5154,37760,54,1,49,54,26,3,13,2,10,0
8346,32233,26,1,47,296,138,15,35,25,11,72
1676,43057,30,1,46,266,213,2,44,0,2,5
9286,83151,93,0,61,747,407,28,100,120,74,18
2426,78825,35,0,57,895,483,74,114,169,37,18
5172,65104,4,1,45,1053,738,0,232,13,20,50
5562,60093,92,1,47,735,502,12,109,16,6,90
3436,14045,24,1,52,20,11,0,5,2,1,1
3921,28457,96,0,69,205,24,1,108,29,29,14
3403,78952,11,1,63,2092,1170,19,594,99,76,134
22,46310,99,1,45,309,185,2,88,15,5,14
10965,76005,72,0,66,1722,983,20,389,240,50,40
9426,58308,77,1,57,900,691,0,69,10,0,130
6605,55614,85,0,77,682,504,13,131,8,0,26
3136,59432,88,1,59,663,317,25,265,25,19,12
8737,55563,22,1,43,43,29,1,9,2,0,2
11088,78642,83,1,50,1816,1396,0,322,46,35,17
716,67911,63,1,72,976,529,0,356,63,28,0
466,65275,9,0,77,746,388,14,218,91,14,21
9135,27203,92,1,71,64,13,2,21,4,0,24
10623,48330,2,1,60,32,28,0,4,0,0,0
8151,24279,6,0,31,263,16,36,21,20,62,108
5140,64355,66,1,36,1445,1047,0,140,67,38,153
10160,50943,49,1,65,46,31,0,7,2,0,6
4945,53653,29,0,68,1210,815,10,239,28,10,108
10584,65665,77,1,45,945,225,162,387,106,36,29
6071,81217,77,0,32,1157,493,70,324,146,40,84
3386,34935,71,0,29,137,34,4,66,3,10,20
8939,61250,49,1,62,730,382,138,65,60,26,59
9925,39665,97,1,40,216,127,1,56,0,1,31
4320,60152,6,1,42,943,325,83,300,86,58,91
5389,48920,93,1,57,347,238,17,68,8,10,6
6036,89120,78,0,62,1924,1168,92,408,72,129,55
182,44124,62,1,75,397,284,0,55,0,6,52
203,81169,47,0,46,2089,1288,20,613,80,61,27
11025,36443,9,1,60,138,65,0,46,4,3,20
10203,26095,77,1,31,42,11,7,9,3,1,11
4607,71367,24,0,62,777,227,23,389,42,21,75
3711,80184,19,0,77,1902,1035,134,670,25,38,0
3696,30630,67,1,56,52,27,1,12,2,0,10
2532,73454,95,0,34,1651,982,73,351,56,14,175
9214,42691,48,0,30,358,179,2,64,38,17,58
4943,70503,73,0,68,1727,1379,33,216,0,33,66
35,25545,35,1,34,210,32,1,64,16,12,85
2258,32880,76,1,35,42,8,4,15,7,6,2
4322,77863,20,0,63,1291,881,38,319,16,25,12
713,50353,72,0,44,442,141,15,153,67,31,35
4702,61839,20,0,57,1895,1000,155,379,224,17,120
3281,49154,69,1,61,411,206,10,67,30,27,71
702,47682,80,1,46,521,162,61,83,97,57,61
2004,72679,65,1,52,1168,619,54,260,127,54,54
4769,57954,52,1,44,493,456,4,24,0,0,9
4437,65316,65,1,59,260,112,6,92,3,9,38
8724,28567,57,1,39,46,11,3,22,2,2,6
10741,47352,70,1,70,319,172,12,112,8,0,15
1991,44931,0,1,54,96,78,0,11,0,0,7
6931,76982,19,0,54,1062,464,151,292,65,60,30
11096,57247,50,1,69,232,99,4,32,37,54,6
304,22944,67,1,40,76,19,3,19,4,5,26
3665,25315,46,1,44,54,1,9,8,11,3,22
10591,43638,37,1,52,201,63,10,83,7,19,19
5036,42710,38,1,37,406,252,3,42,4,3,102
5547,84169,9,0,39,1919,1478,19,403,0,19,0
7822,54058,56,1,45,662,198,18,252,32,108,54
8541,24683,98,1,31,41,8,4,10,6,7,6
10955,85620,68,0,57,1600,416,46,925,60,107,46
4368,47850,72,1,41,134,42,7,43,20,12,10
9671,19514,47,1,53,69,14,3,21,2,1,28
2256,27159,33,1,48,21,17,0,3,0,0,1
4279,39548,87,1,58,54,15,4,10,3,4,18
5371,21474,0,1,32,91,6,16,24,11,0,34
9240,60504,73,1,50,526,458,0,24,6,4,34
9460,22419,74,0,58,162,30,3,47,19,21,42
9504,81698,4,0,72,1008,179,28,520,111,123,47
8692,43462,50,1,69,240,90,17,97,15,6,15
448,54880,57,1,43,795,308,85,137,102,45,118
8314,79908,30,0,39,1772,557,129,761,29,185,111
8420,15315,27,0,51,64,7,4,13,15,8,17
3174,87771,61,1,62,1957,1492,38,287,50,57,33
7685,33039,4,1,43,78,30,8,12,8,8,12
3179,81741,75,0,41,1572,249,153,940,58,134,38
9780,71499,12,1,50,795,465,25,132,136,0,37
10681,62466,13,1,51,889,129,129,259,168,121,83
10232,48799,9,1,58,331,174,18,81,28,6,24
4184,52157,48,1,71,265,189,2,29,3,2,40
9120,66565,80,1,59,1065,747,10,161,65,40,42
891,29298,60,1,70,11,6,0,2,2,0,1
10381,47691,43,1,42,21,14,0,3,0,0,4
3525,38200,19,1,51,17,12,0,4,0,0,1
6818,44989,26,1,47,369,98,0,106,49,10,106
3526,38443,58,1,53,38,32,0,5,0,0,1
8181,38593,42,1,43,177,51,12,49,17,24,24
1029,64413,27,1,51,279,200,5,44,0,10,20
7369,36959,56,1,40,62,25,6,25,6,0,0
2574,61996,27,1,44,1230,1050,12,144,0,0,24
8159,51287,10,1,53,182,117,0,22,13,0,30
1160,13260,48,1,51,49,9,4,17,10,2,7
10242,47472,39,1,55,75,56,0,11,0,0,8
5253,54603,85,1,65,227,145,13,46,17,2,4
5966,45207,64,1,47,215,203,0,10,0,0,2
5314,40689,69,1,70,444,270,3,27,39,6,99
5081,47821,54,1,54,47,9,0,16,6,6,10
5123,27450,57,0,70,143,37,12,23,8,11,52
5756,39453,64,1,38,55,46,0,7,0,0,2
8036,26850,10,1,50,63,31,1,13,7,2,9
9058,79800,65,0,66,1867,1060,21,530,32,0,224
5057,61794,74,1,60,611,264,47,188,54,47,11
254,53863,4,1,66,473,399,4,30,6,4,30
4179,24221,94,0,62,55,8,9,9,2,5,22
3710,39684,41,1,37,81,19,0,35,6,4,17
7627,92163,25,0,46,2086,817,183,797,106,163,20
4501,69882,94,0,56,1478,292,127,635,132,127,165
6424,33178,9,1,44,49,12,6,2,11,2,16
3075,59973,47,0,49,382,130,30,168,20,34,0
4992,17459,12,1,46,69,6,4,16,3,10,30
5252,23910,80,1,52,67,16,12,18,7,1,13
7444,42169,20,1,52,30,19,0,9,0,0,2
6919,26224,39,1,43,63,4,7,15,13,9,15
3537,31089,57,1,40,79,31,3,31,2,8,4
10277,30081,27,1,60,42,36,0,2,0,0,4
2453,62807,83,1,61,819,526,28,135,10,21,99
7972,72906,79,0,66,1151,400,32,519,71,75,54
895,61467,69,1,73,594,410,16,114,0,5,49
1177,49618,77,1,55,129,80,3,26,4,2,14
7141,21888,15,1,35,213,88,10,46,2,3,64
7232,42429,99,1,48,67,55,0,6,2,0,4
8477,26150,61,1,65,28,5,1,13,3,5,1
2457,30801,23,1,46,45,8,4,5,15,2,11
988,81168,84,0,56,1193,410,0,592,147,22,22
7930,26877,74,0,52,268,101,13,76,20,18,40
4587,45006,90,0,77,266,162,25,53,16,0,10
6682,18978,41,1,48,37,2,8,1,4,7,15
6222,22574,28,1,54,37,25,0,8,2,0,2
10299,48240,73,0,52,882,389,91,248,64,49,41
3083,45837,88,1,47,373,215,13,87,17,17,24
8953,35791,94,1,56,35,27,0,5,0,0,3
1503,112397,31,1,45,107,85,1,16,2,1,2
8650,54162,31,1,43,42,5,6,10,6,5,10
10862,30522,6,1,61,326,179,8,83,19,11,26
2782,54456,23,1,60,404,352,0,27,10,0,15
6941,31632,92,0,50,95,17,8,12,11,15,32
10972,72298,52,0,72,939,625,35,169,58,17,35
10708,36975,50,1,43,33,10,6,11,0,4,2
6583,72635,54,0,66,981,390,22,323,104,35,107
3641,13624,93,1,45,36,10,2,15,2,1,6
10156,84196,56,1,46,1237,215,63,507,231,31,190
4299,70971,28,1,61,1825,1001,17,572,93,125,17
3469,34487,94,1,44,103,19,18,33,24,1,8
5063,28769,76,1,44,191,41,5,129,10,3,3
10727,69084,43,1,51,1586,1181,107,199,39,30,30
9624,65488,46,0,63,963,603,45,207,36,18,54
5156,62466,13,1,51,889,129,129,259,168,121,83
4376,32218,27,0,61,93,10,24,15,13,1,30
8923,83917,12,0,48,1587,514,22,732,42,198,79
8461,46102,3,1,59,16,14,0,1,0,0,1
6945,84574,72,0,69,1375,387,20,713,38,54,163
944,56181,6,1,59,393,121,103,69,8,44,48
1907,63120,53,1,71,1477,965,69,279,54,41,69
701,73691,58,1,50,1179,707,21,250,85,43,73
3856,63381,78,1,61,1005,571,50,142,33,50,159
4149,76140,57,0,73,1348,586,66,653,17,0,26
2131,62859,37,1,62,1307,1063,89,102,16,12,25
2942,45906,20,1,57,486,305,3,27,4,3,144
1173,77632,73,0,74,2252,1200,105,758,0,42,147
4381,46463,56,1,50,235,163,2,40,8,11,11
4611,105471,36,0,51,1724,1009,181,104,202,21,207
3376,55282,9,1,51,235,125,6,73,8,4,19
4679,78710,42,1,44,1092,721,0,152,119,50,50
10928,66886,28,1,63,599,315,4,62,41,31,146
4248,98777,23,0,61,2008,1000,19,711,125,115,38
6728,29103,38,1,36,48,16,0,17,6,3,6
6661,67445,63,1,47,1174,757,80,217,29,80,11
4725,50616,71,1,71,67,30,2,25,0,1,9
3277,49431,9,1,66,365,219,3,100,26,0,17
5555,103924,81,0,46,6,1,1,1,1,1,1
2564,61278,87,1,68,165,111,3,28,2,6,15
946,26490,92,0,63,210,45,47,52,21,20,25
3867,73059,36,1,74,1095,410,112,420,0,82,71
6940,46734,86,1,55,223,100,1,39,6,1,76
55,56253,83,1,58,597,509,0,65,7,11,5
7093,19986,74,1,36,22,3,6,5,0,2,6
5084,58330,87,1,46,1064,445,53,213,104,98,151
1777,25965,29,0,41,74,2,2,11,41,7,11
8162,14661,88,0,65,26,4,1,11,6,2,2
10826,18690,77,0,62,60,6,1,7,23,4,19
8754,45068,25,1,47,20,14,0,3,0,0,3
1987,21063,34,1,34,59,1,10,11,19,3,15
11007,29187,43,1,53,34,26,0,6,0,0,2
7426,54690,76,1,50,198,111,16,37,7,9,18
9153,59304,81,1,57,1048,418,61,428,80,51,10
10379,59247,87,1,59,574,327,9,122,19,14,83
9204,66731,33,1,51,1029,371,159,194,58,106,141
3197,77353,38,1,41,670,275,59,107,69,101,59
2920,52614,63,1,46,990,789,0,142,12,9,38
6961,26751,26,1,47,11,1,1,5,0,3,1
4673,81300,17,1,58,1241,1004,12,145,32,12,36
9937,70337,75,0,42,576,187,81,149,25,43,91
8779,36145,13,1,36,172,56,4,76,17,1,18
9596,65295,19,0,41,664,365,32,117,34,110,6
2891,68118,51,1,58,928,595,23,123,10,23,154
4910,68743,81,0,54,2074,1132,134,384,175,134,115
75,41039,32,0,39,467,34,11,137,179,61,45
10120,38946,84,1,66,257,116,6,82,6,6,41
6327,65777,87,0,54,1146,565,32,435,28,32,54
10142,66476,99,1,45,689,372,18,126,47,48,78
9826,86857,96,0,49,2114,899,102,838,133,102,40
1501,100803,21,0,39,1717,55,16,1622,17,3,4
10767,77845,40,0,32,1346,760,40,480,0,40,26
7279,69476,3,0,52,1044,260,86,559,63,9,67
7230,50611,98,1,61,493,459,0,24,6,0,4
143,61209,73,0,51,957,466,0,224,119,49,99
450,42315,90,1,63,270,67,15,80,17,11,80
9316,13084,29,0,69,29,2,0,7,3,7,10
6379,47570,3,1,72,121,67,1,20,0,2,31
9239,61923,94,1,60,126,92,4,18,3,3,6
8315,34824,65,0,26,23,4,2,11,2,0,4
2868,26518,33,1,72,57,20,1,28,3,3,2
10888,45938,46,0,60,636,273,11,178,62,83,29
1277,78468,29,0,61,1004,434,22,388,104,22,34
9977,78901,99,1,48,734,321,11,309,33,26,34
10196,71427,26,1,43,614,212,123,177,15,64,23
6384,71022,30,1,43,1453,909,12,278,0,12,242
8029,90247,27,0,33,1621,1184,32,352,21,16,16
968,41335,24,1,53,187,112,19,21,16,14,5
6988,71952,93,1,35,1443,656,80,455,52,107,93
4472,35682,34,1,51,57,23,0,8,6,2,18
6991,43185,88,1,70,637,537,6,42,16,6,30
3336,66375,96,1,73,948,712,0,45,0,0,191
4301,35178,10,1,50,59,23,1,13,2,2,18
1940,25252,26,1,35,18,1,3,4,2,2,6
1272,55250,49,1,56,903,664,58,83,32,0,66
1388,33249,11,1,46,112,6,10,21,19,14,42
1044,58398,44,0,68,596,299,5,201,21,21,49
6969,50272,75,1,39,233,99,13,66,43,8,4
10479,76618,64,0,46,1511,749,40,294,121,160,147
3619,87305,19,0,61,1152,345,25,501,63,138,80
1715,25851,45,1,43,48,9,4,18,7,5,5
10159,58710,77,1,51,1185,440,81,368,0,122,174
1463,45160,9,1,63,21,8,2,5,3,0,3
5114,74806,1,1,56,965,670,9,249,0,28,9
4990,59111,90,0,67,869,524,0,134,28,28,155
4329,18988,43,1,37,16,6,0,6,2,1,1
10936,72190,79,0,56,1947,597,166,597,172,166,249
4692,7500,19,1,45,71,7,0,12,13,7,32
7212,44794,99,1,55,65,54,0,7,0,0,4
6086,80395,62,0,66,1380,445,25,706,80,76,48
437,75012,41,0,45,1027,294,142,218,164,58,151
11171,56962,60,1,56,411,292,3,77,10,3,26
11101,89891,17,0,30,836,412,22,132,59,28,183
5329,35946,24,1,72,11,8,0,3,0,0,0
610,53593,60,1,68,480,349,4,78,6,0,43
9384,66373,57,1,43,606,328,9,124,12,24,109
5956,45072,74,1,73,284,144,2,99,7,2,30
10430,89694,22,1,48,1472,1126,28,211,37,28,42
7875,72025,46,0,72,1677,967,0,617,43,50,0
7072,67432,69,1,48,1335,432,79,341,177,136,170
6255,70545,29,1,69,334,138,39,63,55,18,21
6516,17487,37,1,32,18,0,0,1,7,4,6
5564,62882,26,1,52,1338,509,133,497,78,24,97
5682,64108,8,1,68,1099,948,10,86,13,21,21
7458,34941,26,1,65,97,39,2,25,4,3,24
5237,48767,79,1,71,63,28,1,21,3,0,10
7761,38702,71,1,43,109,13,11,24,13,8,40
5278,82224,83,0,57,902,307,26,360,138,31,40
3560,83844,57,0,69,1574,901,31,345,75,31,191
7235,17003,37,1,46,38,2,5,12,4,8,7
10548,71163,30,0,26,960,283,17,372,138,106,44
2281,33697,34,1,51,28,4,3,7,0,3,11
4073,63564,0,0,67,1215,769,80,252,15,34,65
6974,83443,89,0,49,1497,518,42,742,55,56,84
7938,51518,92,1,63,449,350,8,66,17,4,4
7094,58330,87,1,46,1064,445,53,213,104,98,151
3667,80952,20,0,52,1757,778,178,689,41,27,44
7723,75507,56,0,42,1440,709,93,374,104,80,80
3870,63855,28,0,43,1006,359,35,314,93,116,89
4012,62220,55,1,49,1226,799,12,375,16,12,12
5909,58512,25,1,57,1171,895,10,101,13,0,152
10470,40662,0,1,42,92,40,2,23,0,4,23
6488,38829,86,1,62,99,76,0,7,0,0,16
10270,35523,8,1,40,66,11,5,22,12,5,11
6887,79146,33,1,54,564,245,16,223,21,43,16
6406,78285,13,0,33,1427,647,107,391,175,67,40
7573,31626,12,1,43,86,39,1,9,2,1,34
4508,75127,92,0,69,833,203,35,305,46,17,227
221,48726,90,1,66,242,138,3,38,4,0,59
5331,74985,8,0,44,1869,587,51,898,247,0,86
1911,67430,6,0,34,1364,595,97,291,127,133,121
20,46891,91,1,56,183,43,12,23,29,15,61
8786,62058,52,1,65,450,301,7,74,10,0,58
10582,72063,3,1,42,758,180,32,348,76,32,90
1915,78939,57,0,70,1507,794,115,243,150,0,205
8897,42720,9,1,56,654,392,5,91,28,26,112
2371,33622,22,1,49,81,39,1,22,3,4,12
4303,6835,76,1,64,137,107,2,12,2,2,12
6825,41452,86,1,68,16,13,0,3,0,0,0
1072,40760,64,1,56,93,70,0,17,0,0,6
4964,74250,90,0,63,1158,680,11,392,75,0,0
2461,51124,79,1,66,43,26,1,11,0,1,4
10736,72258,28,1,50,1525,522,0,522,227,120,134
3194,71466,86,0,47,1230,412,12,546,78,182,0
10839,36283,42,1,45,29,6,5,5,8,0,5
49,20587,39,1,51,25,2,3,6,4,1,9
4290,30467,8,1,49,24,1,3,8,2,5,5
10219,31590,40,1,49,38,6,2,15,6,6,3
4211,20425,5,1,35,57,4,12,5,3,16,17
1135,17144,96,1,61,47,18,2,19,0,2,6
6299,42564,28,1,53,813,324,48,186,39,18,198
10846,43783,22,1,43,629,327,9,125,25,4,139
347,40780,30,1,45,377,229,27,71,13,3,34
6543,62847,45,0,76,1612,521,168,706,80,76,61
10446,82017,58,0,64,729,184,23,446,30,23,23
3479,16813,49,0,71,50,4,8,11,12,2,13
11075,51267,37,1,43,270,183,2,64,7,2,12
4442,46524,70,1,60,177,31,19,35,26,14,52
199,45183,33,0,59,315,219,3,60,12,9,12
6722,70421,98,1,67,767,479,28,136,75,14,35
796,60161,17,1,56,1071,584,44,212,46,8,177
3749,73926,54,0,48,1580,627,91,597,159,91,15
8523,19329,39,1,53,60,24,1,16,12,2,5
310,61872,81,1,51,573,330,5,159,36,27,16
8629,46984,71,1,65,41,19,1,10,2,1,8
236,34838,62,1,70,170,28,23,29,29,14,47
9930,82716,8,0,77,1167,606,148,228,15,148,22
3483,48192,76,0,63,1526,1039,43,204,153,58,29
4599,49681,66,1,45,458,411,0,26,0,0,21
7326,56850,83,1,50,63,34,1,19,2,7,0
7352,55267,28,1,64,405,161,28,136,32,3,45
2350,59666,87,1,49,1027,623,53,178,23,17,133
9145,72504,43,1,49,1478,604,26,470,123,161,94
2964,26872,0,0,40,72,3,10,8,3,16,32
5585,21359,1,1,49,48,12,2,17,6,1,10
9687,73170,1,0,46,726,184,174,256,50,30,32
3732,52750,72,1,66,860,393,0,239,90,69,69
6303,91820,72,0,35,1497,410,73,747,76,161,30
11176,65968,12,1,51,495,376,9,83,19,4,4
2986,30772,89,1,45,20,7,2,4,2,1,4
7462,22507,67,0,67,570,68,0,226,51,157,68
3900,65685,54,1,49,769,642,14,49,0,7,57
7034,25804,34,1,43,55,8,7,9,13,6,12
9493,76412,15,0,41,1808,840,53,804,23,71,17
1143,22063,43,1,49,55,7,10,13,3,11,11
1,57091,0,0,60,577,464,5,64,7,0,37
3855,22419,74,0,58,162,30,3,47,19,21,42
5536,87771,61,1,62,1957,1492,38,287,50,57,33
5989,78353,51,1,62,1576,752,122,476,39,153,34
9499,93404,97,1,67,1616,1279,15,287,20,0,15
6768,37859,75,1,59,36,22,1,8,2,1,2
2150,80995,83,1,63,1482,860,28,409,73,56,56
6646,16529,23,1,37,22,3,0,5,13,0,1
4887,55412,65,1,45,63,10,5,28,11,1,8
8560,48789,94,0,29,680,351,16,156,7,5,145
3321,56575,42,1,54,542,421,5,90,0,16,10
11003,25130,10,1,41,50,2,5,7,0,18,18
10402,35441,94,1,54,39,25,1,9,2,1,1
9904,71391,50,1,65,1043,336,123,274,46,123,141
6141,49494,46,1,49,385,191,9,97,0,6,82
5687,81702,98,0,41,1633,563,50,774,28,31,187
10856,45889,42,1,41,46,31,0,6,0,1,8
5121,56628,30,1,44,761,479,5,82,7,17,171
4186,34026,11,1,71,76,18,6,15,12,8,17
368,40049,61,1,47,290,91,65,52,10,44,28
3312,34176,12,1,33,89,5,7,24,19,14,20
11121,19419,76,1,40,70,2,14,28,16,3,7
5332,82504,2,0,61,1066,362,50,431,134,35,54
5848,81205,43,0,51,2009,724,74,929,97,55,130
10343,61618,27,0,30,1345,605,91,399,0,45,205
5935,55284,60,1,65,764,547,7,140,0,7,63
2895,49980,79,1,58,195,104,1,54,13,9,14
10262,15072,96,1,41,53,8,2,15,0,10,18
7848,49166,17,1,47,368,224,2,25,7,0,110
9477,65324,0,1,67,544,384,0,102,21,32,5
4856,82347,38,0,64,1853,556,54,845,202,133,63
7186,30843,43,1,55,35,24,0,2,0,0,9
5794,46374,1,1,47,446,408,0,21,0,0,17
1456,60474,25,1,42,1180,265,199,303,234,9,170
4877,38576,2,1,48,41,34,0,7,0,0,0
425,55357,66,1,36,727,374,64,116,84,25,64
3007,37758,49,1,55,40,27,2,10,0,0,1
1031,85710,5,0,32,1062,600,20,350,29,30,33
4297,23228,71,1,52,40,13,2,18,6,1,0
807,44602,35,1,52,292,167,2,89,0,0,34
9553,7500,94,0,34,15,0,2,3,4,1,5
4271,38683,80,1,32,341,46,35,69,84,41,66
4120,49514,61,1,46,369,88,39,78,58,13,93
2036,57906,29,1,48,401,243,11,119,10,3,15
115,43456,0,1,55,393,275,11,68,25,7,7
4259,19485,80,1,35,10,6,0,4,0,0,0
8687,53172,54,1,43,486,121,62,90,68,20,125
2447,30545,71,1,42,69,4,12,15,19,7,12
10140,70123,27,0,38,1727,1308,0,396,23,0,0
9353,62450,61,1,62,995,515,47,267,62,66,38
3623,21675,55,1,45,45,4,0,16,17,4,4
738,42395,35,1,40,182,48,13,57,24,15,25
7631,61346,34,1,43,989,562,58,168,43,16,142
4789,80812,95,0,68,1677,769,22,500,210,143,33
773,42835,64,1,50,595,379,4,93,12,9,98
10602,39922,30,1,38,156,29,12,59,19,1,36
1446,86424,12,0,65,1226,387,68,569,89,45,68
3270,17117,96,1,43,128,12,23,38,30,18,7
8443,24762,16,1,49,86,6,10,12,3,15,40
9653,35797,16,1,46,68,27,1,14,4,1,21
8916,36627,78,1,46,16,9,1,5,0,0,1
8017,51111,83,1,40,55,22,0,19,6,5,3
5830,86857,96,0,49,2114,899,102,838,133,102,40
4597,82072,67,0,51,2018,889,55,685,168,92,129
7023,46231,87,1,68,263,189,2,55,0,5,12
8086,42243,34,1,62,55,48,0,2,0,0,5
8825,51195,46,1,59,564,230,14,156,82,24,58
2930,68092,7,0,43,1281,852,60,207,78,36,48
1928,31814,73,1,48,83,35,3,20,4,1,20
7108,51390,54,1,56,353,205,20,47,23,2,56
10925,76630,93,0,38,1003,255,31,446,40,56,175
9960,26868,52,1,30,14,0,0,1,8,3,2
8800,48948,53,0,78,902,437,8,206,160,49,42
9224,55260,81,1,49,1139,825,8,53,11,0,242
5519,64090,8,1,65,797,316,58,161,76,51,135
5046,78331,97,1,63,1638,756,138,354,160,169,61
7037,37087,50,1,47,401,194,55,134,15,0,3
905,21846,38,1,35,84,7,17,18,6,10,26
8624,81320,61,0,63,928,183,33,493,59,103,57
8945,54137,46,1,51,203,171,0,11,0,1,20
6445,66825,73,0,54,858,243,101,405,29,40,40
2727,57100,19,0,48,409,181,21,69,39,3,96
6404,58917,10,1,52,282,151,7,89,0,7,28
11074,85072,94,0,44,1423,494,92,391,194,11,241
10150,86429,10,0,60,1449,464,28,873,29,18,37
1968,45684,37,1,50,28,5,1,5,10,0,7
6534,47889,94,1,47,67,29,0,29,0,5,4
9485,45921,23,0,35,199,102,9,49,24,3,12
7053,78420,75,0,55,1453,604,28,674,91,28,28
4654,75114,40,0,29,1253,571,12,523,63,60,24
9760,52278,24,1,58,1198,953,0,71,0,0,174
1048,35641,11,1,49,178,63,3,67,8,9,28
10619,95529,29,0,27,1990,770,29,890,250,27,24
9308,62820,51,0,67,976,398,61,265,138,61,53
10505,73113,86,0,61,1001,741,19,154,50,9,28
8362,84169,9,0,39,1919,1478,19,403,0,19,0
2625,42607,30,1,67,350,156,29,56,30,32,47
4637,74637,73,0,67,1650,960,64,464,146,0,16
9972,46015,25,1,66,46,38,0,2,0,0,6
4483,72354,67,0,28,1228,315,26,473,220,12,182
4487,39858,67,1,52,95,15,20,25,2,7,26
4988,34469,58,1,73,62,19,6,20,0,5,12
8931,83033,82,1,35,1761,812,99,431,237,149,33
5871,24401,98,0,42,467,73,28,217,10,24,115
2008,77583,93,0,43,1149,372,23,384,250,12,108
3139,74116,53,0,39,2052,871,111,704,145,55,166
10037,74293,66,0,28,1127,375,152,335,93,91,81
10673,68397,6,1,45,1416,760,80,466,17,13,80
5303,79632,42,0,47,1113,471,0,510,99,21,12
538,46107,78,1,32,125,31,9,27,16,9,33
7922,64950,29,1,70,966,819,0,72,12,0,63
5692,25443,82,1,32,32,1,4,3,8,9,7
4843,75127,92,0,69,833,203,35,305,46,17,227
6383,32892,78,1,50,46,26,0,15,2,1,2
1628,71796,54,0,50,960,354,21,311,167,75,32
1204,67536,45,1,51,1829,1253,0,447,23,71,35
3673,55239,59,1,50,779,371,17,238,23,24,106
760,60554,8,1,46,811,588,7,76,110,15,15
8957,64831,51,1,69,1120,480,86,249,75,86,144
4128,56067,51,1,59,725,517,12,54,16,6,120
6810,82025,76,0,38,1187,267,98,606,48,70,98
5386,94384,62,0,68,2302,1111,24,790,160,45,172
8700,14906,86,0,35,66,7,7,14,7,16,15
3202,51563,60,0,34,1250,1166,0,48,0,0,36
1328,57937,56,1,39,683,261,42,144,55,48,133
8405,68274,83,1,42,305,135,25,51,23,25,46
6515,39771,92,1,44,50,6,2,18,2,8,14
2882,67893,31,1,46,995,711,28,142,49,18,47
7574,27922,80,1,42,41,11,0,13,2,4,11
6387,52190,39,1,45,77,42,0,17,0,0,18
5320,44051,20,1,48,171,79,7,58,6,3,18
5048,42767,53,1,50,131,20,6,43,19,5,38
8146,46106,84,1,45,54,30,0,8,2,0,14
10031,16927,50,1,45,53,20,2,23,3,1,4
5748,59754,96,1,56,475,115,27,44,4,146,139
2134,53700,94,1,69,694,263,5,233,69,41,83
1523,59041,25,1,48,96,69,2,15,2,2,6
9665,54237,48,1,64,361,267,3,30,4,0,57
4640,70647,65,1,54,1079,561,85,171,25,123,114
3635,52597,69,1,59,578,492,0,37,7,0,42
3547,41021,12,1,52,64,14,7,9,6,16,12
2456,40233,84,1,46,149,80,4,46,0,17,2
5633,50183,47,1,41,231,97,12,84,13,10,15
7801,54753,87,1,62,728,197,107,227,7,59,131
10489,92955,35,0,48,1778,693,21,925,31,24,84
7011,33471,47,1,48,93,43,2,27,0,9,12
2620,34596,48,1,47,23,14,0,2,0,0,7
3933,44010,46,1,41,662,186,36,234,86,72,48
10981,84219,27,0,33,1198,434,137,400,45,137,45
1734,40706,37,1,53,81,59,0,11,4,2,5
10995,15716,8,1,33,92,16,5,30,8,7,26
6357,59052,29,1,62,491,230,35,75,63,57,31
9209,80573,85,0,50,1564,829,138,430,60,92,15
10286,83715,2,0,59,926,318,8,407,150,35,8
2611,82576,66,0,62,1910,1206,55,445,168,18,18
1600,56962,60,1,56,411,292,3,77,10,3,26
3308,35704,54,1,69,94,30,9,12,2,11,30
5407,53103,70,1,67,1085,729,17,133,11,0,195
2166,46779,55,1,61,23,12,1,3,0,0,7
3955,4861,20,0,56,6,2,1,1,1,0,1
6634,33462,78,1,42,54,22,3,18,0,0,11
3056,63693,63,1,43,1150,587,43,337,42,87,54
5718,80763,17,0,71,1415,674,168,108,192,42,231
6872,65352,43,1,47,405,284,3,84,4,7,23
8164,82170,13,0,43,1908,1023,93,651,49,55,37
4580,75759,46,0,52,2486,1394,22,708,89,91,182
9305,79689,65,0,45,1315,311,26,640,180,37,121
453,35340,1,1,65,45,27,0,12,0,1,5
8545,85683,6,0,67,1789,1296,17,311,45,69,51
9850,24884,32,1,49,19,3,6,7,0,0,3
7378,42021,34,1,40,573,393,5,136,7,5,27
7646,64449,70,1,32,805,218,63,282,137,35,70
1640,64587,49,1,67,108,66,0,16,0,6,20
5184,34824,65,0,26,23,4,2,11,2,0,4
8492,75437,25,0,43,1493,795,0,545,95,58,0
11188,26091,84,1,64,89,15,10,19,8,17,20
1212,52845,7,1,48,936,384,25,292,130,41,64
9097,46086,34,1,65,343,244,8,32,7,2,50
10473,78028,38,1,65,528,158,19,288,25,0,38
7962,95169,1,0,34,1901,1285,21,449,106,20,20
9984,56337,25,1,40,724,349,16,144,28,5,182
5527,22434,25,1,34,58,4,12,11,3,13,15
6374,36930,50,1,67,297,223,2,31,0,2,39
7453,36130,46,1,67,488,157,43,127,68,56,37
8952,65569,96,1,68,859,397,46,288,20,38,70
241,83844,57,0,69,1574,901,31,345,75,31,191
8975,19514,47,1,53,69,14,3,21,2,1,28
6119,36736,52,1,58,17,10,0,3,0,0,4
5236,77568,30,1,42,2194,1230,0,396,232,178,158
5723,49187,63,1,45,116,81,1,31,2,1,0
1710,30168,51,1,43,279,154,20,66,0,12,27
1970,34053,14,1,53,103,63,0,21,7,0,12
5313,38196,20,1,50,44,30,0,11,0,0,3
10634,59412,56,0,70,406,90,67,165,30,43,11
7010,70924,41,0,56,1363,635,114,254,132,152,76
8562,54165,72,0,52,236,127,4,73,15,6,11
3158,32300,1,1,48,39,13,3,6,6,5,6
4436,20180,27,0,45,137,18,42,24,15,20,18
5287,34961,77,1,48,79,45,2,26,4,1,1
2445,28440,87,1,47,63,38,1,24,0,0,0
6059,64504,81,1,68,1314,986,36,168,16,0,108
4550,33564,51,1,55,71,61,0,3,0,0,7
4240,17345,79,1,43,58,4,9,16,17,0,12
8911,56320,11,1,54,702,201,53,172,116,77,83
3706,28647,54,1,43,94,19,8,29,0,12,26
3628,15038,93,1,34,80,4,8,11,19,12,26
10175,32173,0,1,63,22,18,0,2,0,0,2
8985,68316,54,1,57,1211,806,80,161,120,11,33
5204,74538,21,0,50,1461,380,98,733,110,112,28
9220,91700,58,0,50,1968,576,172,961,125,115,19
9888,68695,3,0,52,1091,458,81,356,106,50,40
5263,31056,99,1,44,55,5,10,13,3,8,16
1020,79593,70,0,48,1366,350,60,568,110,133,145
9503,28071,65,0,41,313,39,33,130,41,26,44
10613,37334,44,1,63,62,26,1,16,2,2,15
67,46423,6,1,49,92,68,0,16,0,0,8
6019,37126,9,1,50,72,45,3,9,4,4,7
5863,47703,95,1,68,655,359,0,134,13,26,123
3717,61180,70,1,62,704,403,24,29,6,24,218
6730,38998,92,1,67,54,34,1,14,0,0,5
10749,8028,62,0,30,178,73,18,66,7,12,2
4998,76081,85,0,59,1033,292,30,415,63,33,200
6287,34728,2,1,35,36,14,0,16,0,0,6
5985,33168,0,1,56,122,80,1,37,0,1,3
4754,33585,91,1,55,122,30,11,33,13,6,29
4002,77037,3,1,61,1123,463,96,333,168,53,10
8870,35196,68,1,37,497,75,12,141,43,39,187
966,44529,98,1,55,691,538,13,91,17,6,26
4767,70924,41,0,56,1363,635,114,254,132,152,76
9725,28764,16,1,55,12,8,0,3,0,0,1
4475,69098,82,0,72,2440,1315,22,780,145,0,178
5740,25959,1,1,51,56,4,2,12,7,5,26
5731,27100,64,1,38,37,12,0,13,2,0,10
7290,70596,68,0,36,968,347,44,534,17,0,26
3846,42557,98,1,47,270,192,5,53,0,5,15
8104,53312,32,0,70,278,241,0,12,0,0,25
4507,72228,87,0,69,1250,631,28,491,30,14,56
11013,67605,84,0,34,938,336,28,282,184,54,54
4491,62845,3,1,72,1178,1099,0,45,0,0,34
3759,65196,34,1,63,1155,743,19,181,12,0,200
1162,42000,23,0,34,653,124,83,267,85,59,35
2055,35860,37,1,48,49,15,0,8,4,2,20
10766,65526,22,1,57,506,397,19,69,12,0,9
4415,16860,19,1,60,38,10,4,4,3,3,14
3005,83528,7,0,29,1650,530,117,678,134,44,147
2223,64176,52,1,56,1826,1215,33,249,64,116,149
4817,22304,91,0,65,18,3,2,7,0,4,2
2875,67023,93,0,43,906,444,44,382,11,8,17
10536,32892,78,1,50,46,26,0,15,2,1,2
11112,70713,23,1,55,1477,736,114,279,82,76,190
3807,59925,83,1,66,766,473,21,176,19,21,56
9197,39722,92,1,68,47,32,0,5,2,0,8
10832,46610,4,0,63,467,288,10,30,4,10,125
6421,88347,32,0,60,2116,1050,178,555,77,138,118
4207,87171,27,0,40,1298,1001,44,107,58,44,44
577,26907,10,1,45,22,9,1,7,0,3,2
10855,50014,9,1,53,396,234,14,77,19,10,42
3081,41014,65,1,43,20,7,2,6,2,0,3
3535,66294,68,0,56,967,251,108,334,65,92,117
247,36715,16,1,50,357,172,10,125,21,13,16
8707,79456,12,0,65,1401,565,42,548,64,83,99
9523,40479,95,1,39,15,5,0,8,2,0,0
6072,75345,16,0,51,2087,918,57,842,99,38,133
6295,54233,46,1,44,981,652,8,158,21,0,142
10914,24163,3,1,51,17,4,1,7,2,1,2
1509,84460,80,0,63,523,152,27,103,106,54,81
5577,43776,77,1,38,23,8,0,9,2,1,3
7348,71691,0,0,63,1192,336,130,411,240,32,43
1127,85844,62,0,48,1958,938,19,843,25,95,38
1833,39190,91,1,47,133,68,8,18,19,8,12
4944,71367,24,0,62,777,227,23,389,42,21,75
9080,38578,2,1,49,73,38,4,22,3,3,3
6466,57236,22,1,56,121,105,0,9,2,1,4
9964,61825,56,1,42,424,162,50,100,55,30,27
4790,79803,54,1,63,868,574,8,216,21,16,33
10245,80910,71,0,35,756,160,80,369,67,39,41
1109,27590,38,1,39,12,6,0,5,0,0,1
6001,56775,62,1,42,937,614,35,160,58,35,35
5538,83829,78,0,46,1862,897,161,430,186,161,27
10552,54210,18,1,42,367,70,54,109,80,9,45
1545,38508,95,1,35,443,120,19,206,25,19,54
7409,53187,66,1,51,267,211,2,30,7,7,10
4444,30023,28,1,49,61,11,0,16,7,6,21
146,76045,78,0,61,1323,760,53,400,17,93,0
6271,50870,13,1,69,63,53,0,8,0,0,2
10065,15315,27,0,51,64,7,4,13,15,8,17
4741,65463,17,1,47,562,391,32,70,21,32,16
246,66480,71,1,56,312,199,9,57,20,21,6
375,76773,79,0,67,1156,516,56,449,86,33,16
1524,81698,1,0,38,1104,709,45,115,30,160,45
10022,54466,78,1,48,16,12,0,4,0,0,0
7451,98777,23,0,61,2008,1000,19,711,125,115,38
11010,16269,75,1,37,44,19,3,18,3,1,0
4356,71819,70,1,50,1574,1224,28,140,0,14,168
3885,33569,10,1,38,63,16,2,18,3,0,24
1175,36262,24,0,38,426,88,39,54,64,28,153
880,22634,47,0,55,96,2,23,11,8,6,46
2320,47025,98,1,43,635,508,11,59,23,5,29
850,70566,4,1,53,757,381,28,215,84,28,21
4713,31605,15,1,42,125,74,0,42,2,1,6
675,52034,67,1,48,332,146,0,93,7,13,73
5025,48526,32,1,42,135,23,17,23,43,20,9
2308,46734,40,1,67,330,110,5,137,26,23,29
5995,39552,54,1,59,384,165,3,147,4,24,41
6749,86358,78,1,55,1722,957,47,494,82,47,95
1010,46931,94,1,44,78,41,0,17,3,1,16
8977,16581,51,0,36,24,1,3,4,2,3,11
4756,63998,42,0,69,1168,176,29,818,0,33,112
3412,67381,67,1,70,957,815,8,53,11,0,70
606,25930,87,1,54,15,6,1,2,2,0,4
5961,42693,29,1,43,57,8,4,20,6,3,16
2975,85606,89,1,45,1956,717,42,864,219,30,84
2894,72903,74,0,36,2013,1067,138,750,0,19,39
7613,49669,97,1,47,326,166,5,107,11,8,29
10542,36778,63,1,53,77,29,4,34,2,4,4
8015,85696,88,0,59,1313,714,76,395,116,0,12
10617,10979,34,0,32,30,8,4,10,2,2,4
11166,49678,81,1,60,315,229,5,56,3,2,20
849,56129,65,1,68,660,320,48,133,39,72,48
523,37155,51,1,32,74,23,0,26,7,15,3
4066,21282,76,1,43,46,1,5,8,4,8,20
8414,33419,76,1,59,86,56,0,12,0,0,18
819,63285,84,0,76,1103,508,124,249,50,38,134
4961,21255,56,1,47,61,29,0,25,2,2,3
749,42162,31,1,40,145,46,7,59,2,4,27
5430,54450,0,1,65,684,454,0,171,8,19,32
7755,57744,91,1,67,411,350,3,39,0,0,19
10525,26576,40,1,35,27,10,0,8,0,0,9
1453,57513,59,0,78,1060,735,40,183,52,20,30
8310,68142,96,1,57,1459,897,126,196,91,112,37
10710,7500,61,1,42,18,5,2,3,3,0,5
5031,83145,14,0,47,1833,777,35,731,39,137,114
2613,54197,16,1,61,237,162,6,37,6,13,13
213,23091,98,1,58,48,35,0,11,0,0,2
967,46049,11,1,45,515,342,9,112,19,14,19
1077,56715,52,0,47,1020,258,105,239,237,172,9
7959,79410,19,0,60,1370,658,80,483,123,13,13
640,57304,61,1,70,1026,356,80,329,138,17,106
4252,44375,73,1,56,301,213,5,28,7,7,41
8432,54450,0,1,65,684,454,0,171,8,19,32
6218,59594,74,1,56,499,457,4,29,0,0,9
6905,80685,55,0,27,1004,241,45,604,34,26,54
5922,40344,48,1,47,218,210,0,6,0,0,2
3598,62710,53,1,49,606,441,35,83,7,29,11
6116,48985,13,1,53,75,19,13,18,10,7,8
6263,35322,34,1,53,106,28,9,37,12,7,13
10486,77142,54,0,73,990,476,75,162,29,151,97
2410,81657,69,0,52,1097,364,40,425,158,60,50
193,14421,81,0,25,16,0,0,2,3,3,8
3363,20130,99,0,47,34,0,6,3,7,6,12
8278,74214,3,0,31,1711,863,83,547,86,99,33
10660,66726,61,1,64,438,349,7,35,0,0,47
8686,23724,65,1,42,75,5,23,15,0,18,14
1604,47353,93,1,61,225,184,2,19,8,8,4
5907,33444,24,1,69,18,8,0,8,0,0,2
10669,54386,8,1,40,470,277,21,64,62,21,25
2918,28510,72,1,40,91,44,5,19,0,4,19
5735,90638,29,0,30,2525,1156,120,915,94,144,96
359,48070,33,1,71,504,373,14,83,6,9,19
8387,43140,68,1,64,235,134,8,76,6,0,11
1829,54959,55,1,60,1232,1148,0,60,0,0,24
3839,15056,76,1,63,88,6,12,3,21,6,40
9392,26954,17,1,50,17,4,1,11,0,0,1
2292,22327,94,1,36,24,5,4,8,2,0,5
10466,44393,86,1,56,60,24,2,20,2,2,10
9855,62000,25,1,69,1020,899,0,101,0,0,20
4088,31497,22,1,59,155,108,1,28,13,1,4
5231,45894,15,1,47,51,27,2,7,0,2,13
590,78579,35,0,51,1812,816,66,549,216,66,99
8732,67369,81,1,52,1461,1298,0,70,37,14,42
2315,58401,55,1,61,96,10,0,11,17,29,29
3515,62307,94,1,69,160,87,13,34,10,6,10
2245,43641,50,1,52,139,57,2,51,4,2,23
6283,63841,64,1,53,908,635,15,100,20,7,131
2246,46891,91,1,56,183,43,12,23,29,15,61
6606,70091,11,1,52,1161,964,34,137,15,0,11
5545,78075,72,0,49,988,572,8,259,34,35,80
7342,59184,6,1,60,1072,341,142,113,259,151,66
837,54809,0,1,44,174,63,6,57,13,13,22
9500,58113,66,1,62,758,221,104,169,102,78,84
3602,51412,42,1,63,195,140,3,29,4,5,14
234,15287,60,1,42,31,1,2,8,4,3,13
2995,66636,64,0,64,1084,291,10,689,84,10,0
1118,50965,87,1,65,685,544,13,85,8,6,29
7789,84618,96,0,56,1672,684,100,801,21,66,0
3068,18351,1,0,31,43,1,12,9,0,14,7
8955,40451,54,1,64,49,35,0,4,0,0,10
945,36317,53,1,56,133,87,3,25,3,2,13
5644,42213,96,1,64,363,309,3,24,4,3,20
7192,65748,58,1,66,545,172,73,93,95,78,34
2324,77044,12,1,49,1065,625,38,242,50,34,76
697,74918,78,0,52,2047,972,59,913,25,19,59
3439,56721,64,1,49,296,157,6,39,6,13,75
1506,42160,26,1,46,140,48,9,45,3,15,20
232,61559,8,1,56,530,279,83,88,32,14,34
8876,33629,49,1,58,152,132,0,16,0,0,4
4500,68682,56,0,30,1598,919,0,505,99,30,45
9739,34377,55,1,58,114,62,0,22,3,1,26
10395,8940,25,1,35,101,1,45,3,4,6,42
1176,26228,50,1,48,25,2,6,4,3,1,9
1627,77297,84,0,64,789,408,61,109,48,122,41
938,40211,30,1,40,87,51,1,7,2,1,25
2740,33438,81,1,63,90,62,1,16,3,2,6
257,75032,74,1,62,1215,952,12,180,47,12,12
4058,61284,76,0,66,811,618,15,106,20,7,45
7736,22518,36,1,35,61,11,7,12,2,2,27
8210,54730,64,1,46,405,318,3,17,4,7,56
833,38452,62,1,66,72,56,0,14,0,0,2
6230,44421,53,1,50,189,110,5,59,7,1,7
7325,38197,86,1,35,40,23,0,11,2,1,3
1307,41986,15,1,43,63,27,5,8,8,3,12
1502,28427,67,1,38,52,18,3,19,3,3,6
6211,37395,47,1,45,39,18,0,9,0,1,11
843,64722,47,1,50,805,303,0,280,60,147,15
4174,55249,81,1,65,130,97,1,19,2,0,11
9757,84906,98,0,49,1631,997,15,414,99,30,76
6918,28691,56,1,32,34,5,4,13,8,0,4
286,44213,48,1,69,152,95,11,35,0,4,7
11086,25707,18,1,37,21,1,6,2,3,6,3
1921,59062,74,1,54,71,46,1,12,3,0,9
4138,76624,68,1,59,899,411,106,147,54,115,66
7718,66000,36,0,74,711,244,51,270,101,0,45
1291,27683,90,1,43,351,152,9,121,12,12,45
6862,1730,65,0,50,8,1,1,3,1,1,1
4136,7500,63,1,29,119,10,17,18,8,26,40
803,40521,82,1,53,21,12,0,5,0,0,4
4298,20427,63,1,48,10,5,0,4,0,0,1
10833,65106,55,1,46,973,790,19,133,12,0,19
9606,69969,64,0,56,1536,882,29,514,38,29,44
8534,67433,51,1,69,992,615,28,259,12,48,30
5153,77766,97,1,54,1529,1004,59,265,115,59,27
961,74716,92,1,49,860,133,27,421,13,195,71
5011,68118,51,1,58,928,595,23,123,10,23,154
6653,55158,72,1,51,418,293,0,87,4,11,23
9094,62972,39,1,66,587,313,15,47,20,0,192
810,74190,49,1,46,641,151,81,86,168,91,64
5493,39356,21,1,45,23,15,0,2,0,0,6
2147,76653,91,0,52,2279,736,63,946,219,189,126
5107,35860,37,1,48,49,15,0,8,4,2,20
3979,90687,98,0,38,1779,982,17,672,23,34,51
6049,73450,85,0,39,1804,1142,51,415,90,69,37
8147,31454,40,1,61,48,28,0,11,0,0,9
1857,47139,2,1,69,83,46,0,12,0,2,23
3910,83829,78,0,46,1862,897,161,430,186,161,27
5207,53378,41,1,58,793,489,6,152,8,6,132
11114,19656,94,1,51,84,25,4,9,6,8,32
5429,45579,10,1,73,183,145,1,33,2,1,1
9400,85485,73,0,63,1383,630,26,611,44,18,54
1740,55956,22,0,77,999,760,38,104,50,9,38
7488,64191,30,1,58,825,420,15,186,151,38,15
195,38808,21,1,49,246,125,17,52,3,19,30
635,57183,51,1,55,610,464,5,64,7,0,70
7527,23748,97,1,53,76,6,6,29,12,15,8
10319,66303,56,1,50,1286,1090,12,96,16,12,60
2296,37368,4,1,46,30,3,2,11,2,2,10
10637,40800,77,1,57,99,24,0,27,8,30,10
2931,71847,95,0,43,1192,737,21,106,55,63,210
907,46149,36,1,46,362,254,6,71,4,0,27
3698,78687,13,0,38,2130,817,185,687,145,55,241
9516,49118,90,0,50,1229,620,54,239,99,98,119
679,37633,49,1,64,38,13,4,20,0,0,1
7384,39767,18,0,70,485,113,61,204,34,26,47
5043,26997,89,0,70,434,7,23,78,133,49,144
5267,33986,43,1,51,44,16,2,18,2,1,5
339,57091,82,1,49,496,462,0,24,6,0,4
2516,46831,84,1,52,78,22,2,10,6,4,34
9010,83151,80,0,49,2346,968,147,842,137,42,210
378,52531,68,0,50,794,283,112,151,51,72,125
4808,15759,12,0,65,17,1,2,5,6,0,3
5068,22804,75,1,50,26,14,1,7,2,1,1
7628,43050,10,1,48,76,30,5,24,6,3,8
7128,42997,91,1,44,15,4,0,5,0,1,5
2811,48918,21,1,58,62,52,0,9,0,0,1
3551,60033,28,1,67,198,62,1,57,19,11,48
1663,34043,97,1,43,49,20,2,14,3,0,10
5543,57811,49,1,55,802,545,7,114,37,21,78
1577,78569,14,0,75,1736,558,79,622,207,175,95
10641,7500,5,1,43,57,6,5,4,13,4,25
5336,107733,37,1,50,59,39,1,9,2,0,8
6024,94384,62,0,68,2302,1111,24,790,160,45,172
1878,23148,83,0,36,37,4,6,8,6,3,10
3099,44267,48,1,51,310,183,5,65,3,5,49
6055,71626,94,0,42,1305,546,72,376,94,145,72
5841,60894,61,1,55,832,606,7,155,10,0,54
3972,50200,70,1,45,401,266,6,51,8,6,64
4394,81051,43,0,56,1501,1142,29,249,38,29,14
5758,65169,23,0,39,1189,1074,0,69,0,0,46
6658,59868,37,1,49,1194,771,51,154,54,10,154
4603,65695,50,1,61,656,371,32,189,0,58,6
8427,64857,78,0,65,1540,556,14,717,210,0,43
10260,45143,74,1,56,311,202,5,74,11,5,14
7143,74805,14,1,66,820,209,162,209,41,162,37
8789,59060,77,1,32,274,35,40,111,36,40,12
6197,27238,39,1,59,57,37,0,17,0,0,3
4554,47009,89,1,56,448,171,45,73,59,10,90
4937,46094,62,1,48,44,12,2,20,3,2,5
1920,40321,59,1,49,102,44,4,21,6,0,27
8749,37235,68,1,37,61,20,2,9,4,6,20
1650,81843,13,0,61,1643,779,86,537,34,69,138
10377,46692,37,1,63,397,170,6,97,24,12,88
9206,77382,36,1,53,1121,491,48,231,112,105,134
10971,37774,28,1,44,473,173,8,107,7,2,176
6398,18393,2,1,47,50,7,10,13,16,0,4
9212,72828,17,1,59,1678,1205,0,235,19,14,205
7937,24711,86,0,39,58,10,7,25,6,3,7
839,45503,54,1,46,170,97,4,44,6,1,18
4246,6560,2,0,39,373,67,11,26,4,3,262
158,71604,3,0,76,1196,345,53,528,98,75,97
4832,27244,84,1,42,101,6,5,17,3,24,46
5621,48752,8,1,52,316,73,57,100,71,15,0
1945,71434,4,1,59,1400,711,36,217,172,96,168
5147,90842,57,0,73,1424,774,70,118,182,187,93
2535,88097,24,1,43,844,163,0,480,0,126,75
11039,51948,51,1,46,311,82,33,54,71,30,41
9495,71853,29,0,39,1149,358,108,413,141,97,32
9635,35876,13,0,38,129,66,2,40,4,3,14
2173,40049,23,1,69,32,13,6,7,0,3,3
942,39660,36,1,39,299,139,13,78,20,13,36
9386,50127,88,1,59,320,274,0,21,4,6,15
5510,43263,2,1,44,441,262,6,61,0,10,102
873,62845,3,1,72,1178,1099,0,45,0,0,34
2253,18929,15,0,31,85,32,0,8,23,4,18
5181,24367,58,1,39,24,2,4,2,0,11,5
979,33249,11,1,46,112,6,10,21,19,14,42
10390,26887,27,1,62,30,6,7,4,3,4,6
4698,50150,32,0,38,410,135,46,92,65,61,11
7793,62061,12,1,45,800,641,7,84,0,30,38
1745,85696,88,0,59,1313,714,76,395,116,0,12
10590,76542,91,0,65,1483,794,73,573,0,29,14
5080,70515,12,0,28,1258,420,0,452,182,64,140
8369,18227,21,1,34,28,1,2,7,4,3,11
5232,69139,23,1,56,227,86,12,75,33,15,6
2407,69109,10,0,39,1555,823,25,459,124,29,95
3834,69627,35,1,59,861,231,161,215,171,30,53
7912,38136,69,1,43,103,8,15,27,0,20,33
7712,62159,68,0,75,634,182,17,259,77,70,29
1065,80695,85,0,58,1918,557,129,984,193,37,18
7275,33316,34,1,50,131,79,1,31,4,4,12
1343,58554,55,1,53,586,368,24,68,38,0,88
1384,17256,10,1,29,62,6,4,14,8,8,22
9967,53034,30,1,47,447,160,15,196,15,11,50
6181,52203,36,0,71,939,488,21,238,56,108,28
10507,59601,14,1,44,797,691,7,69,0,7,23
2674,75154,79,1,63,1143,543,10,205,160,143,82
2698,47025,52,1,45,415,254,7,108,20,0,26
3231,37971,97,1,48,30,5,4,10,2,2,7
4096,41335,24,1,53,187,112,19,21,16,14,5
10476,67267,0,1,63,251,134,11,59,15,2,30
5948,57338,96,1,46,237,143,6,52,11,8,17
9140,50523,89,1,61,91,51,4,24,4,7,1
10258,35791,94,1,56,35,27,0,5,0,0,3
5675,50611,98,1,61,493,459,0,24,6,0,4
4743,56242,72,1,52,971,689,8,167,11,8,88
8805,48904,1,1,61,371,283,10,38,0,13,27
1542,56243,26,1,46,396,347,0,35,4,3,7
6770,21355,5,1,36,68,5,13,14,0,5,31
8773,57420,22,1,50,322,280,0,18,0,0,24
10475,NA,39,1,51,317,187,5,65,26,20,14
10420,46390,56,1,66,222,95,14,64,2,9,38
7514,54342,74,1,65,177,84,10,34,11,10,28
2902,NA,87,1,63,45,19,4,12,2,2,6
4345,NA,49,1,57,21,5,1,9,2,0,4
793,20895,24,1,48,45,18,3,17,3,0,4
10909,92344,9,0,73,1899,992,24,694,51,19,119
3769,NA,17,1,49,42,25,1,13,0,0,3
8702,26907,10,1,45,22,9,1,7,0,3,2
4791,44964,35,1,41,41,19,1,17,2,0,2
2963,75507,56,0,42,1440,709,93,374,104,80,80
8216,53761,7,1,49,325,158,0,76,13,7,71
8140,22682,51,1,48,95,10,14,29,4,2,36
10146,38887,17,1,49,42,25,1,13,0,0,3
5289,41658,30,1,46,72,8,4,12,15,4,29
2587,29791,21,1,49,20,14,0,6,0,0,0
4405,63915,2,1,65,789,622,7,115,30,0,15
8663,39996,85,1,47,15,11,0,3,0,0,1
2589,26759,65,1,49,59,25,3,16,8,5,2
3421,63841,64,1,53,908,635,15,100,20,7,131
10490,51039,11,1,52,417,100,64,79,65,0,109
4094,60544,92,1,60,289,201,2,43,3,5,35
9958,65685,54,1,49,769,642,14,49,0,7,57
2534,37716,4,1,68,188,97,1,41,6,2,41
4188,36864,53,1,64,354,204,5,39,17,0,89
6613,44511,39,1,51,727,513,7,133,46,14,14
10827,36947,49,1,54,146,88,3,21,4,1,29
5491,47352,70,1,70,319,172,12,112,8,0,15
8402,67087,40,1,68,794,329,35,222,130,35,43
8783,57045,40,1,71,454,296,13,104,11,13,17
10010,36957,43,1,68,152,100,2,16,2,1,31
618,69389,17,1,44,797,422,7,238,69,46,15
9121,80134,40,1,49,1690,1218,16,272,104,0,80
361,43142,84,1,52,20,5,1,7,2,1,4
4310,80589,25,0,77,1428,507,93,520,242,40,26
2678,34412,62,1,31,209,52,12,50,4,36,55
6376,57537,83,1,42,545,191,56,139,51,8,100
524,22634,47,0,55,96,2,23,11,8,6,46
10341,51315,45,0,73,222,68,28,39,16,30,41
5654,36026,34,1,49,61,20,4,10,6,4,17
4098,24639,3,1,48,44,20,3,16,0,4,1
5824,34578,1,1,49,8,7,0,1,0,0,0
7000,65704,18,0,49,817,279,172,74,38,8,246
2561,63810,45,1,55,1371,977,12,253,16,12,101
5229,54132,81,1,52,42,30,1,8,0,0,3
4086,18690,77,0,62,60,6,1,7,23,4,19
2428,28164,23,1,51,78,3,18,26,11,8,12
8254,34596,48,1,47,23,14,0,2,0,0,7
2836,43269,61,1,49,19,10,1,7,0,0,1
8418,38741,60,1,63,61,7,10,17,8,6,13
1362,31907,75,0,49,449,33,87,64,175,16,74
7152,27100,64,1,38,37,12,0,13,2,0,10
10033,31163,54,1,48,38,2,3,10,11,2,10
9349,92533,84,0,36,1131,693,21,118,110,147,42
274,34853,75,1,48,34,9,3,15,2,3,2
3388,70844,16,1,54,294,129,26,67,3,67,2
922,31086,79,1,42,48,16,2,11,3,0,16
8588,60544,92,1,60,289,201,2,43,3,5,35
2518,20491,16,0,35,30,5,4,5,4,2,10
574,42523,96,0,57,125,14,36,11,3,26,35
3220,39922,30,1,38,156,29,12,59,19,1,36
5967,33402,60,1,69,70,26,2,19,10,5,8
1183,36408,11,1,72,22,9,1,4,3,2,3
6856,21645,75,1,42,65,14,0,23,4,5,19
4530,78427,36,0,73,1930,972,19,595,180,26,138
1553,82657,71,0,75,2283,966,168,672,246,105,126
4682,51876,88,0,63,310,99,27,102,28,48,6
8204,78041,93,0,50,1319,482,35,553,72,160,17
5221,52852,93,1,64,879,714,8,99,11,0,47
1232,70038,54,0,39,1244,587,54,348,71,54,130
1927,69401,41,1,48,690,399,27,159,58,8,39
5788,46053,46,1,49,209,56,10,92,19,7,25
6652,77343,28,0,56,1134,227,151,573,98,54,31
6246,73892,40,0,68,1507,703,102,601,0,58,43
5975,40304,82,1,54,57,37,0,17,0,0,3
6875,32727,38,0,56,529,167,13,180,86,13,70
4399,68695,3,0,52,1091,458,81,356,106,50,40
4042,43300,87,1,50,180,91,3,52,2,1,31
2157,26290,49,1,49,77,15,8,16,11,5,22
10133,93790,16,0,51,2349,1302,68,731,89,114,45
2525,38410,65,0,47,534,153,64,123,116,64,14
8233,64866,9,1,71,556,508,5,21,7,5,10
9483,57957,24,1,62,637,290,59,177,77,5,29
2945,46015,25,1,66,46,38,0,2,0,0,6
10403,16531,43,1,43,44,2,13,6,7,5,11
5074,28072,10,1,35,47,30,0,10,2,0,5
10524,49476,29,1,58,795,386,23,95,54,41,196
4690,50725,45,1,68,586,443,10,75,0,10,48
7521,83844,57,0,69,1574,901,31,345,75,31,191
7196,41145,20,1,71,13,9,0,3,0,0,1
4406,67419,29,1,51,1471,846,84,352,91,56,42
9672,23162,82,1,51,65,8,3,9,19,4,22
4864,34380,68,1,44,175,72,7,58,13,1,24
4706,34704,65,1,55,40,29,0,5,0,1,5
4070,94871,99,1,52,1078,169,24,553,188,0,144
25,65148,9,1,63,1115,460,35,422,33,12,153
3697,39898,20,1,67,134,69,8,26,12,7,12
217,64857,78,0,65,1540,556,14,717,210,0,43
4220,59892,26,1,51,87,73,0,13,0,1,0
5286,41020,68,0,34,217,112,1,54,7,7,36
9559,57072,79,1,60,1034,944,0,60,0,0,30
2849,60474,25,1,42,1180,265,199,303,234,9,170
7787,62807,83,1,61,819,526,28,135,10,21,99
3102,19414,32,1,40,32,2,3,12,3,5,7
5868,19107,49,1,41,46,2,4,9,10,5,16
8370,75484,50,1,45,1159,378,97,259,197,194,34
9988,70379,84,1,45,860,553,25,142,65,67,8
2939,79419,96,0,51,1631,751,127,687,20,15,31
5529,64014,56,1,75,444,406,0,30,0,0,8
9743,76998,85,1,66,1910,1449,89,161,69,35,107
5763,49854,63,1,49,380,123,17,171,39,0,30
3478,60585,17,1,50,736,267,42,309,55,42,21
7494,42873,11,1,71,269,209,0,40,3,2,15
1763,87679,62,0,33,2524,1259,172,815,97,148,33
7250,57867,48,1,43,612,344,35,178,15,23,17
2005,35765,86,1,31,75,22,3,30,0,5,15
10770,65492,73,0,62,1045,247,161,295,210,85,47
6885,32952,36,1,44,55,38,0,12,3,1,1
2072,53374,34,1,52,1064,896,10,101,13,10,34
9463,71706,16,1,62,1443,931,56,253,91,98,14
6318,68487,48,0,33,1366,758,12,385,33,89,89
4093,53253,61,1,46,436,216,9,57,20,9,125
5751,31163,54,1,48,38,2,3,10,11,2,10
3340,42014,56,1,44,436,244,15,108,4,15,50
3594,54108,74,1,48,747,539,6,91,8,6,97
3584,49667,35,0,66,1396,1181,26,120,17,13,39
3643,63206,65,0,47,928,750,8,125,11,8,26
851,57136,48,1,49,642,306,5,109,21,109,92
7706,46772,88,1,46,1048,350,104,189,197,151,57
3967,78931,19,0,50,943,331,197,170,58,152,35
10128,53977,21,1,63,907,620,16,165,0,24,82
486,84219,27,0,33,1198,434,137,400,45,137,45
9,46098,86,1,46,120,57,0,27,0,0,36
9451,73538,92,1,56,1658,811,76,428,99,137,107
9264,79529,1,0,35,1638,423,42,706,73,197,197
3865,20981,14,0,44,73,2,12,10,6,13,30
2853,51766,74,1,41,275,60,51,87,6,20,51
1490,55759,84,1,59,854,675,0,85,10,7,77
6310,33039,4,1,43,78,30,8,12,8,8,12
10380,37787,50,1,49,106,40,1,40,4,3,18
3887,27242,2,1,51,106,3,17,26,20,1,39
4278,87188,73,0,38,1923,910,111,724,49,74,55
8643,69930,21,0,50,1662,252,98,827,219,70,196
1998,37697,82,1,45,84,34,6,21,11,4,8
10795,37401,14,1,48,48,19,3,19,3,1,3
11110,3502,56,1,48,5,2,1,1,0,0,1
2408,58597,20,1,45,733,490,0,184,10,28,21
202,82032,54,0,73,1234,332,194,377,149,125,57
7998,28087,77,1,63,112,53,8,17,13,0,21
830,74004,5,0,34,1658,784,48,560,42,176,48
3536,19740,65,1,61,55,7,11,3,10,4,20
6050,57036,33,1,46,1513,1171,43,219,19,14,47
125,53083,65,1,63,271,215,7,33,3,0,13
3463,69283,41,1,46,904,674,62,134,0,26,8
2804,46098,86,1,46,120,57,0,27,0,0,36
3745,23331,92,1,33,103,5,36,7,0,10,45
9771,23331,97,1,33,269,104,20,101,24,15,5
451,9255,91,1,32,22,9,0,7,2,0,4
10530,67786,0,0,62,1156,431,82,441,80,20,102
1079,71969,59,1,50,1086,1000,0,76,0,0,10
8920,59235,4,1,54,1128,448,40,469,80,0,91
6678,31928,5,1,32,72,33,4,24,4,2,5
3852,74881,48,1,60,964,505,72,270,36,27,54
528,65819,99,0,43,1383,267,38,701,149,165,63
73,51411,81,1,68,18,14,0,3,0,0,1
5589,51983,95,1,57,793,631,0,115,10,7,30
10212,42386,43,1,35,100,65,4,16,0,4,11
6365,30390,5,0,34,80,10,12,12,25,1,20
5636,30983,50,0,58,167,51,4,50,12,1,49
591,66033,76,1,64,677,293,35,179,46,59,65
2217,37284,46,1,46,23,11,1,2,2,1,6
2544,57530,68,1,70,92,50,1,27,6,7,1
7725,76800,33,0,56,641,173,26,255,35,71,81
8091,63943,50,1,65,1106,423,184,368,13,97,21
7321,76081,85,0,59,1033,292,30,415,63,33,200
5462,67445,63,1,47,1174,757,80,217,29,80,11
7791,37054,89,1,54,25,12,1,6,0,1,5
955,47175,81,1,59,240,167,2,44,6,2,19
4037,31859,77,1,45,20,3,1,3,8,0,5
6642,27215,50,1,60,102,30,5,22,8,9,28
2793,70179,10,1,45,1034,532,88,168,69,44,133
5424,39922,30,1,38,156,29,12,59,19,1,36
879,49681,66,1,45,458,411,0,26,0,0,21
9530,24645,16,1,33,17,5,3,4,4,1,0
4828,79865,12,1,67,792,71,99,278,185,121,38
10699,44322,30,1,36,92,46,0,40,3,0,3
1497,47958,8,1,69,407,268,11,88,15,3,22
7476,63972,93,1,57,1269,928,63,254,0,12,12
4390,75315,14,1,67,841,459,15,171,142,23,31
10478,55517,53,1,71,633,483,0,108,0,6,36
1081,75283,26,1,64,1019,733,9,180,12,19,66
4261,82800,23,0,75,1315,1006,22,115,59,68,45
9916,38998,92,1,67,54,34,1,14,0,0,5
5350,90638,29,0,30,2525,1156,120,915,94,144,96
8135,27161,41,1,35,52,7,4,23,7,0,11
8685,42014,56,1,44,436,244,15,108,4,15,50
4967,38201,19,1,61,268,233,0,23,0,0,12
2130,45203,4,1,39,147,35,3,67,10,8,24
9298,81574,89,0,74,1798,1252,0,465,46,35,0
8175,34935,71,0,29,137,34,4,66,3,10,20
6257,60482,81,1,45,507,255,43,134,37,14,24
3790,34633,31,1,65,15,8,1,5,0,0,1
9952,78093,53,0,74,1105,368,32,639,13,43,10
3503,82460,78,0,71,974,255,47,573,52,32,15
5223,45903,80,1,55,66,33,8,10,2,10,3
4608,81361,18,0,34,778,163,23,424,27,65,76
1626,35860,37,1,48,49,15,0,8,4,2,20
4764,40442,52,1,69,169,45,12,52,25,22,13
2471,61482,39,0,56,299,48,58,68,16,66,43
5892,34968,11,1,41,221,158,6,45,8,2,2
2612,75794,33,0,34,1682,754,160,625,63,32,48
4971,31497,22,1,59,155,108,1,28,13,1,4
5185,74268,83,0,66,892,199,66,315,97,174,41
10069,13724,43,1,33,58,2,7,5,2,15,27
2262,45143,74,1,56,311,202,5,74,11,5,14
1131,52569,54,1,54,95,85,0,3,0,0,7
1041,48432,3,1,48,424,322,3,50,4,3,42
24,17144,96,1,61,47,18,2,19,0,2,6
3409,36108,68,1,37,339,141,8,129,3,11,47
7022,76445,2,1,50,1410,739,107,309,140,80,35
7943,36663,40,1,46,35,18,0,6,3,3,5
5272,53843,64,1,56,562,378,0,88,19,4,73
5453,90226,26,0,65,2352,1083,108,649,253,151,108
2565,70638,69,0,66,1334,1016,12,215,16,12,63
800,44512,57,1,61,32,23,1,6,0,0,2
11092,27116,78,1,60,41,12,1,21,2,2,3
5062,54072,71,1,58,39,35,0,4,0,0,0
8969,71855,59,1,44,1141,548,31,422,0,112,28
4656,51250,28,1,31,710,342,32,230,34,32,40
4480,60432,61,1,48,401,365,3,15,4,3,11
9971,65526,22,1,57,506,397,19,69,12,0,9
6729,68655,95,0,33,1538,456,19,832,75,118,38
1773,12393,38,0,43,57,5,6,15,11,7,13
9242,64509,19,0,31,1722,836,185,575,24,25,77
1764,33955,92,1,46,270,100,2,128,23,7,10
6215,31353,24,1,44,31,10,0,10,3,1,7
10099,55434,21,1,37,882,238,115,215,169,69,76
5423,28359,35,1,38,16,6,0,5,2,1,2
940,57100,9,1,34,311,158,11,99,15,11,17
3011,69139,23,1,56,227,86,12,75,33,15,6
3298,52973,92,1,65,1152,856,0,76,12,9,199
8286,51717,55,1,56,122,98,1,17,0,1,5
9668,18793,14,1,50,77,4,16,20,0,17,20
5120,66664,78,0,39,1289,398,96,447,220,96,32
6097,50664,64,1,62,561,313,8,104,6,4,126
7019,54414,49,1,58,211,109,18,16,24,26,18
7408,54549,8,1,69,233,216,2,6,0,0,9
8041,47111,35,1,50,1092,595,71,153,120,112,41
252,41003,11,0,58,601,123,133,142,71,44,88
9986,19444,8,1,39,54,16,0,23,3,2,10
3276,36301,53,1,45,78,11,12,35,3,5,12
3859,73059,36,1,74,1095,410,112,420,0,82,71
3570,42731,64,1,52,244,159,2,51,6,2,24
3783,52854,43,1,62,116,105,0,10,0,1,0
10207,22775,40,1,43,15,5,1,8,0,0,1
10906,46681,52,1,73,425,269,15,69,15,19,38
3427,59821,11,1,66,734,629,0,70,0,0,35
5209,50002,21,1,67,638,443,5,71,21,16,82
10711,69755,23,0,76,894,217,77,373,111,23,93
10785,44078,17,1,52,41,24,1,10,2,0,4
2814,30560,6,1,45,31,9,1,5,4,5,7
6866,35924,56,1,52,34,8,0,14,2,3,7
1665,64140,71,1,57,1750,1459,0,61,0,15,215
6575,56386,51,1,40,612,230,48,214,13,32,75
3829,24594,94,1,42,29,1,3,6,10,0,9
3091,75774,27,1,40,823,340,21,134,258,14,56
10141,39228,1,0,61,20,7,1,6,0,3,3
5177,58494,56,1,47,396,298,7,68,4,0,19
7005,58684,71,0,40,813,479,35,179,28,7,85
6409,57136,18,0,54,1179,267,140,599,34,12,127
7485,56551,48,1,71,138,67,4,32,17,2,16
8079,22448,86,1,39,55,3,1,8,23,2,18
8395,82014,48,0,60,1511,980,37,265,35,163,31
10352,34213,2,1,58,117,50,4,28,6,3,26
4931,107146,13,0,44,1730,1,0,1725,2,1,1
13,25358,57,1,74,32,19,0,5,0,0,8
1834,35544,77,1,43,67,30,5,23,4,1,4
2285,36634,0,1,67,335,213,9,76,4,3,30
2295,62670,57,1,67,825,539,30,92,80,46,38
1378,50334,24,1,49,694,284,16,160,84,16,134
2781,72066,55,0,40,1792,1003,34,536,134,51,34
1165,50729,62,1,63,496,239,13,143,45,4,52
1404,34916,89,1,53,231,51,23,82,33,0,42
6457,64892,77,1,45,902,527,24,230,32,24,65
2639,43602,45,1,55,68,19,5,12,10,3,19
8299,33996,46,0,32,71,40,2,15,8,0,6
6437,41473,80,1,36,76,21,8,20,15,3,9
6912,63246,60,1,54,772,593,30,91,29,22,7
7327,36732,71,1,62,47,21,5,3,10,1,7
5299,69084,43,1,51,1586,1181,107,199,39,30,30
4127,77766,97,1,54,1529,1004,59,265,115,59,27
8143,37929,49,0,36,265,202,2,46,3,2,10
1964,86610,66,0,70,1603,446,107,768,33,196,53
3690,80141,20,0,35,2091,1184,102,673,52,40,40
3433,72635,54,0,66,981,390,22,323,104,35,107
3389,69016,61,1,51,1533,726,53,363,123,107,161
4712,20193,18,0,30,82,8,8,22,24,11,9
1170,27573,45,1,46,244,50,15,110,39,15,15
6347,15862,26,1,42,36,1,1,4,11,9,10
4065,49544,0,1,45,404,308,0,73,0,0,23
8230,33228,28,1,41,71,22,2,31,7,4,5
1215,70440,49,0,43,1572,690,117,499,76,102,88
5939,38232,84,1,50,122,43,5,28,7,6,33
2156,22554,38,1,66,41,27,0,10,0,0,4
7788,23536,53,1,38,10,6,0,3,0,0,1
10323,49413,88,1,69,304,205,7,41,3,2,46
7947,42231,99,1,52,37,24,0,8,0,1,4
1891,78789,12,0,41,1754,667,50,850,21,83,83
2570,56534,35,1,53,815,691,7,61,10,0,46
9256,58350,5,1,50,1001,493,26,206,116,80,80
295,81217,77,0,32,1157,493,70,324,146,40,84
7397,49090,45,1,70,688,494,5,82,7,0,100
6349,61787,71,0,34,1319,621,73,414,78,48,85
10790,18169,40,1,36,21,9,0,5,0,0,7
10398,24336,82,1,40,31,1,6,2,8,2,12
2431,18222,70,0,31,67,12,4,19,12,6,14
550,62335,87,1,69,708,243,131,217,85,6,26
1890,42033,95,1,50,25,11,1,4,2,0,7
10742,86580,72,0,38,746,532,21,127,26,20,20
10356,41437,5,1,64,32,29,0,2,0,0,1
4676,73705,86,1,70,1695,612,91,520,258,107,107
8852,61064,80,1,45,1080,387,126,342,0,45,180
3565,38452,62,1,66,72,56,0,14,0,0,2
5294,18358,49,1,32,57,6,8,19,16,4,4
1958,55012,85,1,48,660,582,0,65,0,0,13
7349,9722,7,1,48,103,6,17,16,6,16,42
8799,38175,6,1,37,153,70,6,69,2,3,3
1351,58656,25,1,65,1220,962,12,194,16,24,12
1045,52117,55,1,56,279,112,10,107,30,0,20
7732,64813,81,1,43,745,293,0,124,179,97,52
8070,54222,98,1,48,264,199,12,31,3,12,7
477,83512,31,0,35,2157,1060,61,835,80,20,101
7832,77520,30,1,62,1526,940,44,396,0,88,58
2202,41154,98,1,43,69,44,2,11,2,3,7
7396,80398,92,0,55,1597,342,51,936,207,35,26
4055,18746,41,1,29,64,2,10,11,12,9,20
10340,35196,68,1,37,497,75,12,141,43,39,187
10091,60230,78,1,65,1067,520,20,367,39,81,40
7629,22108,46,1,44,31,5,3,9,6,2,6
10640,44392,71,1,47,211,87,5,71,7,12,29
3498,55424,6,1,45,877,462,61,184,10,53,107
6742,17688,82,1,42,11,2,2,1,3,1,2
1172,92491,71,0,38,2034,979,44,935,29,25,22
569,90273,32,0,30,1991,704,129,853,120,74,111
4686,82571,28,0,59,1686,861,31,558,62,95,79
1381,38513,20,1,39,324,172,3,115,16,0,18
2634,16653,10,1,42,69,5,7,31,15,4,7
10905,42586,7,1,66,252,194,2,56,0,0,0
1744,23529,67,1,56,54,9,7,13,3,2,20
1000,74881,48,1,60,964,505,72,270,36,27,54
3828,71107,61,1,70,1327,533,10,217,198,174,195
8605,46910,36,1,57,68,48,0,14,0,0,6
10304,18690,77,0,62,60,6,1,7,23,4,19
4351,37244,90,1,66,55,18,2,10,0,0,25
10129,82427,35,0,55,1456,482,147,509,104,107,107
2499,75342,38,1,63,563,204,97,97,21,118,26
10092,70044,46,1,67,1504,1073,0,250,153,14,14
7500,79146,33,1,54,564,245,16,223,21,43,16
5796,77437,70,0,58,1125,560,21,442,29,44,29
10556,54984,51,1,62,358,173,13,131,32,3,6
1064,42403,18,1,50,42,22,1,11,0,5,3
48,55761,97,1,57,184,136,1,12,0,3,32
7610,37292,32,1,38,460,275,0,86,10,23,66
263,45576,9,0,76,145,56,19,29,2,14,25
10814,70321,6,0,74,1376,303,23,751,82,26,191
9710,58086,80,1,52,792,708,7,62,0,0,15
9292,81795,74,0,69,1382,324,132,693,27,118,88
10250,28389,49,0,74,28,1,5,3,7,4,8
7881,66835,21,0,75,1033,620,26,195,34,17,141
5847,69901,95,1,52,882,312,21,206,102,92,149
737,80360,56,0,72,2231,1493,86,454,112,43,43
3571,63342,48,1,60,1101,918,21,118,13,10,21
7807,44989,26,1,47,369,98,0,106,49,10,106
3878,31859,3,1,41,48,3,4,7,15,8,11
5092,51569,39,1,72,467,380,0,47,6,0,34
2154,30372,33,1,50,44,15,0,12,7,3,7
5394,16014,42,1,42,38,3,9,4,7,8,7
3798,41120,80,1,53,81,24,2,23,0,8,24
3524,39763,9,1,50,167,80,1,60,4,6,16
5247,38725,52,1,66,45,31,0,6,2,1,5
5883,77981,78,1,49,664,138,120,204,16,126,60
2118,62905,68,1,57,622,166,75,96,119,107,59
8812,13533,45,1,42,48,12,3,8,8,0,17
6616,59481,47,1,46,461,178,3,85,71,66,58
2797,72117,34,1,44,1073,707,20,171,65,60,50
4328,21955,81,1,35,55,5,1,7,17,14,11
9167,67131,72,1,65,976,465,71,250,93,35,62
10560,36802,23,1,41,20,16,1,2,0,0,1
2631,71853,29,0,39,1149,358,108,413,141,97,32
8312,28249,80,0,60,43,1,9,7,2,14,10
5534,47808,30,1,46,224,123,1,26,2,0,72
5093,25509,15,1,47,101,40,3,30,10,7,11
7592,51012,86,0,75,209,102,9,63,2,9,24
8895,70596,68,0,36,968,347,44,534,17,0,26
8584,85431,54,0,69,1165,376,53,462,168,53,53
2694,42664,44,1,54,24,21,0,3,0,0,0
8910,42586,7,1,66,252,194,2,56,0,0,0
7433,29760,87,1,36,165,64,4,68,7,5,17
164,28973,59,0,44,269,206,0,46,3,2,12
10477,39435,16,1,48,102,71,0,18,0,0,13
2681,65370,1,0,37,461,71,22,112,138,89,29
5150,20194,64,1,42,47,0,4,7,11,10,15
5283,42473,72,1,45,144,93,1,21,0,4,25
9645,64590,98,0,53,1338,920,138,168,36,46,30
10678,71232,91,1,62,917,653,17,170,34,26,17
7261,34600,8,1,50,318,199,33,60,8,3,15
9648,46904,20,1,54,253,153,4,56,0,9,31
2870,49094,6,1,48,502,376,0,38,11,8,69
8008,36075,54,1,38,119,46,0,30,12,1,30
1513,60839,72,1,42,1250,600,21,128,223,150,128
6173,77298,46,1,42,969,425,115,292,23,35,79
1419,34026,11,1,71,76,18,6,15,12,8,17
9150,48918,21,1,58,62,52,0,9,0,0,1
7960,82122,89,0,59,1382,734,22,350,151,25,100
1250,37697,82,1,45,84,34,6,21,11,4,8
9905,34074,69,1,69,255,135,1,41,10,1,67
10691,28520,55,1,61,43,11,0,10,0,2,20
7002,62535,13,1,66,398,163,48,90,0,45,52
2952,36273,80,1,44,76,29,3,30,3,2,9
8439,63404,97,1,57,902,734,26,70,11,44,17
762,75774,27,1,40,823,340,21,134,258,14,56
2831,78416,99,1,45,1179,453,38,279,188,38,183
6977,75702,87,1,47,1921,1073,0,629,145,37,37
6289,59385,85,1,70,185,135,0,10,0,4,36
4168,37070,30,1,55,433,231,7,137,4,15,39
8397,44689,82,1,70,34,18,0,5,0,0,11
9284,53977,21,1,63,907,620,16,165,0,24,82
6237,7144,92,1,55,416,81,4,33,5,2,291
3130,18701,95,1,57,44,12,4,2,10,6,10
1619,90369,2,0,65,1588,292,51,981,224,23,17
1990,63159,74,0,47,1797,965,34,586,89,86,37
5513,37758,49,1,55,40,27,2,10,0,0,1
269,46757,71,1,58,1143,777,30,163,0,51,122
8093,79734,72,0,52,914,572,8,232,23,62,17
10513,63207,68,0,29,1502,438,169,565,91,169,70
10177,72071,4,1,67,1338,531,69,300,150,138,150
2549,21840,80,1,38,27,17,0,9,0,0,1
5782,58582,15,1,39,763,402,35,106,101,77,42
10057,72282,70,0,70,1331,503,27,419,90,139,153
10307,50387,91,1,65,525,369,9,87,12,14,34
8566,32583,10,1,60,9,5,0,3,0,0,1
2415,62568,99,1,59,953,362,17,398,80,35,61
5684,44635,25,1,50,68,56,0,9,0,0,3
8334,33316,34,1,50,131,79,1,31,4,4,12
9166,63967,57,1,53,882,387,84,141,73,35,162
1440,52513,84,0,43,1149,367,17,241,104,188,232
78,25293,51,1,52,37,15,0,11,0,2,9
5441,54111,97,1,56,388,267,6,54,8,3,50
5302,78394,13,0,35,1428,298,27,697,216,24,166
4687,80739,92,0,63,1633,674,92,736,39,0,92
1087,22669,30,1,46,173,16,14,36,37,22,48
6859,29236,30,1,34,99,37,4,24,16,9,9
9860,44911,11,1,62,215,159,0,22,2,1,31
7129,54693,72,1,59,929,686,17,142,23,26,35
5866,48186,39,1,47,219,97,3,66,12,7,34
10521,54809,0,1,44,174,63,6,57,13,13,22
7393,41580,15,1,43,92,56,5,24,4,0,3
7849,80336,12,0,51,1052,209,19,456,160,142,66
332,47743,56,1,64,275,198,2,43,0,12,20
9847,62972,39,1,66,587,313,15,47,20,0,192
531,57333,55,1,67,1662,941,14,397,76,58,176
9576,32313,60,1,39,159,86,4,56,2,4,7
6906,84953,73,0,68,1024,167,48,602,63,72,72
7419,27071,90,1,53,35,8,3,19,0,2,3
3170,68148,86,0,64,1042,389,66,408,37,57,85
8527,65735,37,1,56,395,239,7,119,4,15,11
7872,86836,7,0,46,557,179,21,273,0,21,63
9931,4023,29,1,58,9,5,0,1,1,1,1
10595,30093,19,0,31,69,2,6,28,13,4,16
4609,57705,14,1,55,486,383,0,53,6,4,40
5010,25008,72,1,33,34,2,8,8,6,1,9
4427,83257,56,0,26,1365,536,27,590,38,107,67
11148,22280,85,1,46,13,2,1,4,3,1,2
1168,72159,62,0,43,1401,322,53,899,34,40,53
9595,64260,1,0,60,1574,539,169,816,20,0,30
10163,82733,28,0,37,1323,712,50,420,65,38,38
2886,74290,70,1,50,1217,1121,0,72,0,12,12
6710,58217,84,1,70,103,68,1,13,3,5,13
5316,21024,89,0,45,84,36,4,18,6,2,18
9029,70116,73,0,49,1536,707,44,603,95,58,29
521,54006,42,1,36,581,174,77,203,6,24,97
1459,69063,16,1,55,928,666,35,124,69,8,26
10241,11448,16,0,46,14,0,0,0,6,2,6
1630,61825,56,1,42,424,162,50,100,55,30,27
3254,70886,65,1,50,960,407,70,239,103,88,53
9064,69109,10,0,39,1555,823,25,459,124,29,95
3678,60208,13,1,48,656,488,23,71,15,0,59
4227,32889,78,1,53,55,28,0,13,4,2,8
9467,34738,51,1,37,20,3,2,10,3,0,2
8486,30538,27,1,50,367,284,0,52,8,3,20
2186,82326,30,0,44,2257,938,142,754,159,81,183
3286,26642,71,1,54,42,13,2,15,2,2,8
8602,69932,97,1,57,1049,412,172,153,150,105,57
3722,44503,83,1,49,48,31,1,8,0,0,8
6715,60200,3,1,73,685,502,19,132,0,6,26
4796,49638,71,1,69,39,18,10,3,3,5,0
9612,23830,3,0,34,43,1,8,6,4,8,16
3766,33051,15,0,62,835,100,71,243,108,94,219
1399,72905,52,0,63,1515,407,114,445,181,165,203
1570,69702,8,1,70,1039,664,9,240,50,19,57
3426,70300,89,1,46,1596,1045,61,338,60,46,46
3074,70643,66,0,37,1828,1218,107,304,23,143,33
8341,30396,22,1,52,34,15,0,6,0,1,12
5180,50616,56,1,53,149,128,0,16,0,1,4
6461,62772,74,1,52,946,581,49,157,43,8,108
7679,30298,48,0,36,28,6,3,12,6,1,0
10702,52413,67,1,37,450,185,8,133,56,56,12
7505,44155,24,1,64,46,22,1,9,0,0,14
5113,86979,67,0,50,1702,584,100,835,65,83,35
10858,76532,38,1,46,820,355,30,177,90,138,30
2961,42081,86,1,39,382,175,10,110,54,6,27
2747,67546,90,0,33,2126,864,134,768,150,38,172
3010,88420,87,0,32,2069,957,153,612,99,95,153
5790,31158,62,1,36,72,25,6,16,20,0,5
6892,61671,23,1,53,732,641,7,56,0,0,28
1743,69719,99,0,47,801,273,86,208,177,14,43
3578,49160,29,1,72,236,122,21,43,25,10,15
8462,24882,52,1,43,80,1,4,10,29,0,36
5558,90933,90,0,67,1685,1020,31,430,62,63,79
4619,103734,9,0,76,277,6,2,3,1,262,3
8780,59292,71,1,71,507,378,14,68,19,14,14
10789,45759,13,1,57,68,42,1,18,3,0,4
10779,22148,16,0,38,49,15,5,14,0,4,11
5896,73395,94,0,34,397,272,7,80,20,7,11
2337,29819,77,1,50,39,9,1,24,2,1,2
10951,45688,20,1,53,306,279,0,18,0,0,9
544,62820,51,0,67,976,398,61,265,138,61,53
17,60491,81,1,50,1028,637,47,237,12,19,76
10680,33235,71,1,35,70,45,0,16,2,1,6
3265,35701,36,0,62,46,21,1,9,7,3,5
5623,31535,95,1,41,51,15,4,13,0,0,19
5832,92556,32,0,61,1263,493,183,352,184,23,28
5544,67384,32,1,51,1490,957,40,175,158,53,107
6417,80573,85,0,50,1564,829,138,430,60,92,15
5831,77870,93,1,54,1815,1017,50,500,65,50,133
7101,52278,24,1,58,1198,953,0,71,0,0,174
10176,57107,44,1,53,416,159,0,120,0,0,137
2326,18929,15,0,31,85,32,0,8,23,4,18
4385,36038,82,1,40,47,23,0,15,0,2,7
2929,20180,27,0,45,137,18,42,24,15,20,18
10686,34230,72,1,56,21,15,0,4,0,0,2
2546,31878,7,1,44,70,23,4,5,10,5,23
3283,70932,57,1,49,909,200,193,100,46,185,185
3138,91249,84,0,65,1676,1324,27,119,71,108,27
4994,77598,53,0,78,1735,1193,33,281,129,66,33
7966,80982,48,1,62,1191,505,137,401,104,22,22
3112,22701,2,1,44,24,2,4,9,0,4,5
10872,55212,65,1,52,1182,1103,0,45,0,0,34
2181,70617,45,0,51,1280,353,61,753,40,46,27
1867,64849,42,0,64,1336,652,48,350,94,84,108
1518,62694,29,1,56,749,379,6,157,25,91,91
5734,61917,83,1,47,91,46,4,36,2,2,1
2878,67472,93,1,74,414,162,31,127,8,17,69
1458,21059,40,1,39,44,8,3,19,3,3,8
7007,29543,47,1,53,63,17,3,18,3,4,18
6200,75903,50,1,70,901,340,108,185,130,38,100
1403,34984,40,1,46,38,8,4,15,3,5,3
4827,54998,3,1,65,455,154,22,202,39,30,8
6250,54356,62,1,72,775,710,15,30,20,0,0
9291,34242,25,1,62,15,8,2,4,0,0,1
2478,25410,48,1,48,38,2,2,4,13,13,4
1139,73356,56,0,37,1512,1050,14,322,0,14,112
5138,28320,68,1,71,43,19,1,14,3,2,4
5393,23763,64,1,44,42,22,0,6,6,2,6
10413,72570,67,0,37,1089,274,83,216,151,141,224
5015,34529,94,1,45,162,68,6,38,3,6,41
10868,70792,82,0,70,1272,344,45,654,104,11,114
10676,63211,3,0,39,1173,145,193,459,205,26,145
2495,83891,24,1,47,816,217,38,350,111,85,15
7842,36065,54,1,53,74,18,7,34,10,2,3
9955,39898,20,1,67,134,69,8,26,12,7,12
6663,51141,96,0,81,157,144,0,7,0,0,6
2162,56939,19,1,45,561,256,34,103,90,29,49
3434,80872,60,0,70,1336,483,72,567,94,12,108
7919,72335,2,0,45,2092,1285,105,653,28,21,0
5626,61798,13,0,57,463,338,4,89,11,8,13
6428,76842,37,0,71,1130,605,10,345,84,54,32
8514,29478,59,1,45,20,8,0,7,3,1,1
10448,46998,55,1,65,377,172,41,86,45,6,27
2109,96843,60,0,31,1544,448,71,951,40,17,17
7530,56551,48,1,71,138,67,4,32,17,2,16
8925,70053,38,1,56,1012,512,53,98,81,179,89
3009,71670,8,0,59,1766,1462,16,128,0,0,160
6355,44359,19,1,43,45,20,0,14,7,3,1
3517,40887,32,1,69,161,50,4,44,10,10,43
1158,48877,27,1,55,144,102,1,15,2,0,24
6203,74485,58,0,74,1734,499,149,815,173,49,49
7165,64474,59,1,49,823,381,35,172,56,86,93
3595,77226,29,1,58,1138,631,43,239,128,76,21
8537,72643,60,0,72,1429,526,80,553,123,94,53
4331,85738,41,0,43,1371,913,26,376,17,26,13
6281,55686,27,1,55,982,673,0,199,37,47,26
4338,39062,28,1,38,44,23,0,9,0,0,12
2452,34600,8,1,50,318,199,33,60,8,3,15
9507,40794,18,1,46,434,261,23,73,4,23,50
8360,54690,76,1,50,198,111,16,37,7,9,18
10311,4428,0,1,52,359,16,4,12,2,4,321
5117,32632,32,0,58,576,63,151,137,153,19,53
4867,38236,2,1,53,88,58,0,18,2,0,10
9289,36781,16,1,42,63,29,1,17,0,3,13
10913,31385,56,1,37,27,3,2,12,0,1,9
3032,24570,97,1,37,193,28,34,62,11,14,44
8524,25509,15,1,47,101,40,3,30,10,7,11
3334,94642,35,0,70,2211,879,143,797,106,143,143
4470,58646,3,1,59,140,62,1,44,6,5,22
1406,53201,49,1,46,415,280,7,81,20,0,27
8619,21994,4,1,64,22,9,0,6,3,1,3
10821,57113,45,1,43,263,182,4,33,0,2,42
4552,51373,37,0,30,393,83,2,101,64,26,117
898,23477,39,1,35,147,38,15,54,3,8,29
9797,58116,38,1,65,443,228,19,130,4,11,51
10949,72968,8,0,58,1958,1092,37,592,145,37,55
8212,39791,89,1,50,174,85,15,27,13,13,21
6248,91712,47,0,74,2217,1276,24,746,94,29,48
10164,94472,75,1,63,1691,1017,33,417,108,100,16
4547,13672,86,1,61,25,6,2,9,2,1,5
6815,96547,4,0,41,809,448,21,125,52,101,62
4122,79205,73,0,46,895,504,23,117,179,28,44
10841,56559,46,1,46,484,226,22,133,41,31,31
5370,32644,38,1,48,413,239,3,141,0,7,23
176,67506,73,1,41,331,90,38,67,33,36,67
4860,24206,66,1,51,25,7,2,8,3,2,3
10757,28420,36,1,54,13,4,2,5,2,0,0
4023,22979,29,1,51,115,16,17,19,20,21,22
6679,33279,29,0,55,16,10,3,3,0,0,0
9923,46423,6,1,49,92,68,0,16,0,0,8
7181,30368,97,1,44,52,35,0,13,2,0,2
3599,63684,61,1,51,1464,575,80,428,208,93,80
405,41638,68,1,57,441,315,0,31,4,0,91
6870,68805,73,1,62,283,182,2,49,17,13,20
832,65814,90,1,55,747,561,14,113,10,14,35
2002,71964,81,0,63,1870,587,51,932,180,34,86
3657,39146,1,1,35,165,94,1,33,13,12,12
500,96876,79,0,44,1941,908,43,735,40,194,21
1951,34445,92,0,40,839,228,122,122,208,129,30
3262,68281,31,0,63,1655,995,112,417,42,48,41
4102,37284,46,1,46,23,11,1,2,2,1,6
7042,36790,14,0,38,66,3,3,14,15,21,10
10598,27943,89,1,54,37,12,1,16,4,1,3
255,22263,31,1,70,21,17,0,2,0,0,2
2375,30261,75,1,49,22,8,0,5,0,3,6
9829,28587,42,1,43,78,22,4,17,12,10,13
6214,43815,53,1,39,79,14,10,29,4,7,15
4954,48195,53,1,65,265,106,27,68,52,7,5
7861,77027,23,1,69,1175,820,57,242,45,0,11
4837,71322,57,1,56,1305,753,43,226,69,10,204
9423,32765,49,1,42,46,13,3,17,7,3,3
4198,29672,6,1,56,25,9,1,3,0,4,8
153,23272,29,0,68,46,19,3,6,4,2,12
9323,49912,5,1,72,874,520,8,223,32,49,42
10001,7500,98,1,36,100,5,17,17,13,14,34
3945,68117,80,1,74,930,618,44,215,0,17,36
3799,67225,4,1,66,868,315,35,322,46,7,143
8625,17649,70,1,45,45,15,1,23,0,5,1
3491,55914,32,1,46,1260,384,60,364,119,101,232
983,40059,82,1,37,414,110,29,92,28,10,145
9119,60905,27,1,71,392,208,17,76,36,17,38
4786,75330,94,1,44,1109,555,82,257,93,61,61
5872,60689,23,1,70,639,240,90,216,63,6,24
6568,38680,97,1,37,79,11,0,36,15,5,12
5628,61416,25,0,39,1665,848,154,323,201,61,78
5631,49767,92,0,30,692,202,47,197,55,42,149
4974,83273,98,1,51,1392,433,89,650,16,102,102
8416,29009,19,1,40,44,6,6,15,10,5,2
5454,45057,80,1,42,50,37,0,7,3,0,3
4095,37150,80,1,50,467,167,37,64,49,34,116
5474,43020,79,1,51,223,45,7,99,4,25,43
4268,53154,50,1,62,158,129,0,21,0,1,7
10701,65308,60,0,48,1211,713,0,264,120,80,34
3507,76467,44,1,51,1575,676,161,426,210,44,58
2079,81044,0,0,74,1208,450,26,535,73,98,26
626,32871,28,1,70,43,22,2,12,0,2,5
4426,55801,35,1,46,527,367,4,51,6,4,95
2591,76320,49,1,62,932,526,35,214,69,53,35
10509,36927,46,1,66,71,51,0,16,0,0,4
6382,48794,97,1,68,54,25,0,11,3,0,15
6673,23478,51,0,56,129,28,6,27,12,17,39
7441,71128,80,1,48,1615,958,159,447,20,0,31
1071,70179,10,1,45,1034,532,88,168,69,44,133
10061,59462,29,1,71,1088,724,17,143,0,8,196
7187,NA,52,1,52,721,375,42,48,94,66,96
8775,38361,74,1,52,137,39,0,56,20,8,14
1612,NA,82,1,40,47,23,0,15,0,2,7
2345,70038,54,0,39,1244,587,54,348,71,54,130
322,42554,93,1,43,41,29,1,11,0,0,0
10897,67445,63,1,47,1174,757,80,217,29,80,11
123,67046,92,1,70,993,544,35,133,23,151,107
6103,42192,40,0,73,100,40,15,15,17,6,7
7899,77610,70,1,69,1680,1245,33,332,21,33,16
10500,31761,96,1,37,98,19,1,20,16,14,28
1655,34350,81,1,42,48,16,3,15,2,1,11
2406,54591,63,1,72,519,376,4,94,12,9,24
2712,71866,85,1,65,715,184,178,178,103,39,33
5517,25293,51,1,52,37,15,0,11,0,2,9
10643,42000,23,0,34,653,124,83,267,85,59,35
2254,69520,95,0,38,1455,627,120,414,121,80,93
10281,64713,11,1,51,602,180,60,241,13,54,54
6958,27889,42,1,44,26,14,0,4,0,0,8
954,22123,77,0,61,102,3,3,24,34,7,31
5079,NA,82,1,50,97,71,1,16,0,0,9
10339,NA,83,1,67,207,161,0,22,0,0,24
4643,27803,40,1,48,176,8,26,46,38,9,49
3117,NA,95,1,66,450,264,0,21,12,6,147
6497,51651,32,1,61,433,293,6,23,13,6,92
5396,68487,48,0,33,1366,758,12,385,33,89,89
5250,NA,75,0,78,1564,532,126,490,164,126,126
1052,56796,24,1,52,1001,656,38,161,62,47,37
2802,87000,61,0,29,961,196,25,607,67,17,49
6343,79823,6,1,62,1518,835,73,380,114,73,43
6507,30828,16,1,41,56,16,11,15,2,0,12
7901,34109,39,1,50,22,9,1,5,2,1,4
4865,53367,2,1,47,400,229,7,140,10,3,11
2686,22390,49,0,52,26,0,1,4,15,1,5
3107,71322,31,1,45,350,121,24,124,24,15,42
7734,79244,58,0,28,1216,471,102,125,212,61,245
1146,49912,5,1,72,874,520,8,223,32,49,42
11031,48699,90,1,71,40,26,1,10,2,0,1
7428,80144,47,0,46,1367,240,132,445,250,192,108
975,54252,25,1,65,264,178,4,26,8,4,44
1103,81929,60,1,45,2053,1486,55,278,49,0,185
3422,76068,67,1,46,1376,1115,12,128,33,12,76
1055,53204,40,1,45,45,29,0,8,2,0,6
6544,67911,63,1,72,976,529,0,356,63,28,0
1241,14796,1,1,37,51,13,3,8,7,4,16
2909,78128,89,1,47,1264,934,24,230,16,24,36
5802,14188,40,0,49,75,2,7,11,16,12,27
1407,20425,5,1,35,57,4,12,5,3,16,17
6183,58646,3,1,59,140,62,1,44,6,5,22
340,72967,1,1,51,497,158,35,179,0,0,125
5991,48150,24,1,72,266,173,2,39,3,2,47
3104,82332,89,0,60,2006,830,59,968,51,79,19
9729,58275,48,1,66,615,189,10,253,56,43,64
1008,44953,31,0,40,1021,728,17,133,11,8,124
11091,34587,68,1,68,22,7,2,9,2,0,2
3969,43018,46,1,47,133,35,4,17,7,6,64
1916,45736,92,1,67,437,188,3,180,20,3,43
9907,66476,80,1,52,1013,742,28,152,25,9,57
87,27733,16,1,40,57,0,7,5,26,2,17
8659,69805,50,1,69,1038,750,71,174,13,10,20
6262,72217,93,0,59,1573,816,42,450,55,56,154
6147,25818,51,1,50,28,5,2,8,2,2,9
8832,37509,24,1,45,123,37,5,56,12,8,5
10067,25176,79,1,45,13,4,0,4,0,0,5
7532,43586,26,1,41,132,99,2,11,4,0,16
4915,53230,86,1,65,732,176,72,98,136,21,229
2115,50116,68,1,64,66,54,0,10,0,0,2
2088,84906,98,0,49,1631,997,15,414,99,30,76
2493,61286,34,1,55,608,356,0,107,19,9,117
6292,82333,60,0,35,1822,1311,0,359,46,89,17
1631,65220,3,0,56,1282,890,63,292,0,25,12
10104,33590,65,1,47,8,4,0,2,0,0,2
3006,30992,83,1,45,43,17,0,14,7,3,2
3919,72309,64,0,45,1931,960,0,883,50,38,0
11181,106924,85,0,72,8,2,1,2,1,1,1
642,16005,69,1,41,103,1,3,2,20,30,47
4369,65487,48,0,64,1169,240,67,500,199,0,163
10127,58692,21,1,56,395,301,11,61,4,7,11
271,40590,30,1,52,258,154,0,50,6,11,37
4973,20587,39,1,51,25,2,3,6,4,1,9
2948,62637,76,1,67,185,104,12,48,4,12,5
2715,29435,11,1,55,180,70,3,37,4,2,64
10432,19346,26,1,47,22,2,0,9,3,6,2
9216,35788,34,1,50,44,23,2,11,3,1,4
7124,36997,72,1,53,94,43,4,12,8,0,27
9727,23539,13,0,64,81,4,24,11,16,1,25
5136,65333,58,1,48,798,654,7,92,0,15,30
9790,78499,12,0,64,1334,912,72,170,47,36,97
1818,29732,23,1,50,38,25,0,8,0,1,4
1100,41275,33,1,61,61,24,4,22,0,2,9
7873,63516,30,1,48,300,141,11,114,15,14,5
10609,42769,15,1,59,88,71,0,13,3,1,0
6950,49572,25,1,63,54,35,1,16,0,1,1
7233,69209,4,0,49,1782,496,32,849,229,48,128
9481,17148,80,1,45,68,9,9,11,13,10,16
7699,40590,30,1,52,258,154,0,50,6,11,37
2711,30560,6,1,45,31,9,1,5,4,5,7
8933,32146,16,1,38,66,26,3,23,4,7,3
8726,41713,57,1,57,174,77,8,44,10,10,25
1515,34176,9,1,46,28,11,2,7,4,2,2
5186,58482,59,1,66,731,576,7,115,19,7,7
10157,59686,78,1,56,274,89,15,89,34,42,5
5667,60896,90,1,57,1701,1013,30,399,60,46,153
902,62994,74,1,41,312,224,12,48,4,12,12
977,47320,10,1,64,414,200,19,111,50,15,19
7313,74859,63,0,72,1565,570,73,614,133,102,73
7600,15253,13,1,29,29,1,3,3,8,1,13
9706,31560,98,1,47,94,62,1,20,4,0,7
2429,72071,4,1,67,1338,531,69,300,150,138,150
3520,91172,94,0,31,1092,162,28,818,0,28,56
10394,90000,91,0,37,1479,675,144,133,94,192,241
4548,41967,66,1,40,54,23,4,10,0,2,15
9362,69263,14,1,56,568,492,5,32,13,5,21
3968,65706,77,0,51,1199,918,10,129,13,0,129
4084,60934,41,1,46,873,224,155,155,192,93,54
6721,71965,21,1,70,1213,572,19,286,50,38,248
2829,65210,25,1,66,731,626,0,70,0,7,28
1772,79174,2,0,46,2043,1074,37,518,193,92,129
1544,81380,51,0,54,1893,741,68,689,224,68,103
492,48432,3,1,48,424,322,3,50,4,3,42
4377,52914,32,1,50,575,254,10,44,30,10,227
4541,38946,84,1,66,257,116,6,82,6,6,41
1321,26067,49,1,47,56,22,2,18,0,2,12
8858,44325,69,1,49,542,516,0,21,0,0,5
3266,42523,96,0,57,125,14,36,11,3,26,35
11187,26487,23,1,43,69,2,8,10,12,14,23
8207,53233,18,1,64,40,28,0,9,3,0,0
9723,67716,8,1,61,1016,530,142,217,62,9,56
2666,76234,21,1,49,907,519,50,167,130,0,41
5721,84117,60,0,65,1566,611,76,749,59,45,26
10652,65487,48,0,64,1169,240,67,500,199,0,163
1646,25224,36,1,49,46,4,9,12,11,2,8
4418,89616,36,0,38,1644,671,47,655,145,111,15
2656,40851,63,1,50,59,23,1,7,0,4,24
7990,27469,2,0,74,17,9,1,2,3,2,0
8722,82347,38,0,64,1853,556,54,845,202,133,63
7118,73803,61,1,64,1528,833,80,363,52,26,174
2980,8820,52,1,69,35,12,0,13,4,2,4
1839,43322,25,0,47,141,56,7,48,10,2,18
10722,55593,63,1,48,546,293,8,124,11,4,106
2632,50501,10,1,67,500,297,0,38,13,0,152
9014,37085,65,1,46,61,39,1,16,2,0,3
7620,16185,71,1,31,106,5,11,16,21,8,45
10968,57731,0,1,52,704,266,21,300,65,8,44
11133,48432,3,1,48,424,322,3,50,4,3,42
2736,73807,88,1,43,849,366,124,156,71,78,54
1876,18929,15,0,31,85,32,0,8,23,4,18
5959,35893,80,1,53,199,158,0,23,0,0,18
1092,61014,17,1,41,1147,269,129,495,182,43,29
4333,32144,76,1,67,54,41,0,10,0,0,3
3850,14918,52,1,58,43,3,3,3,15,4,15
6168,45146,28,1,58,53,33,0,5,0,0,15
607,41769,31,1,66,521,302,29,131,32,0,27
10469,88325,42,0,40,1623,519,71,860,93,27,53
6983,38054,24,1,71,45,23,2,17,2,1,0
3661,80617,42,0,26,1435,594,51,631,72,55,32
9303,5305,12,1,45,32,12,4,7,1,3,5
692,36807,88,1,67,16,4,2,5,0,0,5
736,28427,67,1,38,52,18,3,19,3,3,6
9589,82032,54,0,73,1234,332,194,377,149,125,57
4838,22775,40,1,43,15,5,1,8,0,0,1
9246,40101,73,1,36,415,171,3,129,26,24,62
6261,58025,81,1,42,470,270,31,88,11,48,22
7366,75777,12,0,39,1438,712,26,538,69,13,80
10659,7500,7,1,42,53,2,8,11,3,8,21
1448,33562,33,1,58,51,21,12,12,0,3,3
4286,57642,24,1,51,679,580,6,58,8,0,27
4749,58554,55,1,53,586,368,24,68,38,0,88
4478,63777,87,1,42,653,457,5,106,15,17,53
4201,57967,39,1,59,468,229,7,137,4,0,91
8720,NA,53,0,43,1679,32,2,1607,12,4,22
10084,24434,9,1,49,50,3,2,8,20,0,17
7004,11012,82,1,37,84,24,3,26,7,1,23
9817,44802,71,0,51,1049,853,10,143,13,10,20
8080,26816,50,0,35,22,5,1,6,3,4,3
9432,103456,23,1,44,62,9,14,18,8,1,12
8372,34421,81,1,47,30,3,3,7,6,2,9
10870,61223,46,1,54,1341,709,43,182,42,118,247
4001,64014,56,1,75,444,406,0,30,0,0,8
7270,56981,91,0,40,1241,908,48,217,32,12,24
8235,69245,8,1,65,843,428,30,214,80,30,61
9405,52869,40,1,67,172,84,3,61,2,1,21
